Host Name,Device IP,Device Type,Device Status,Device Vendor,Device Model,Serial Number,Software Version,Firmware Version,Free Ports,Total Ports,Ports In Use,Uptime,Last Successful Snapshot,Last Snapshot Attempt,Last Snapshot Result,Device Type Standard,associatedWlcIp,deviceSupportLevel,dnsResolvedManagementAddress,errorCode,family,id,instanteTenantId,instanteUuid,interfaceCount,inventoryStatusDetail,lastDeviceResyncStartTime,lastManagedResyncReasons,lastUpdated,lastUpdateTime,lineCardCount,lineCardId,location,locationName,macAddress,managedAtleastOnce,managementState,memorySize,pendingSyncRequestsCount,platformId,reachabilityFailureReason,reachabilityStatus,reasonsForDeviceResync,reasonsForPendingSyncRequests,role,roleSource,serialNumber,series,snmpContact,softwareType,softwareVersion,syncRequestedByApp,tagCount,tunnelUdpPort,type,upTime,uptimeSeconds,vendor,waasDeviceMode,Unnamed: 44,clientCount,clientCount_2_4GHz,clientCount_5GHz,controllerIpAddress,controllerName,countryCode,ethernetMac,hreapEnabled,ipAddress,lwappUpTime,model,status,DateAdded,adminStatus,ArchiveDate,collectionStatus,collectionTime,creationTime,deviceType,managementStatus,manufacturer_part_name,manufacturer_part_partNumber,manufacturer_part_serialNumber,productFamily,reachability,Site Code Extracted,State,Model,EoS,EoL,In Scope?,Repl Device,Material Cost,Labor Cost,Device Cost,latitude,longitude,county,affiliate,Owner,Exception_Flag,Exception_Reason,EoL_Date,Days_to_EoL
MSGSISW01,33.133.12.5,Switch,Active,Cisco,WS-C2960S-48FPS-L,"QOC7877Y8H8,QOC7877Y8GK",27.0(2)SE3,Bootstrap,1.0,105.0,104.0,1034d:16h:55m:0s,Jan-23-26 02:10:57,Jan-23-26 02:10:57,Configuration unchanged,Switch,,,,,,,,,,,,,,,,,,,,,,,,,,,,,,,,,,,,,,,,,,,,,,,,,,,,,,,,,,,,,,,,,,,,,,GSI,MS,WS-C2960S-48FPS-L,2015-11-06,2020-11-30,Yes,C9200-48P-E,5812.704,1540.0,3504.85,30.366826,-89.094057,Harrison,FO-MS-O-SOUTH CENTRAL,MPC,True,Decommissioned site,2020-11-30,-1917.0
MSGSISW02,33.133.12.5,Switch,Active,Cisco,WS-C2960S-48FPS-L,"QOC7877Y8GQ,QOC7877Y8H7",27.0(2)SE3,Bootstrap,4.0,105.0,101.0,108d:20h:14m:0s,Jan-23-26 02:08:57,Jan-23-26 02:08:57,Configuration unchanged,Switch,,,,,,,,,,,,,,,,,,,,,,,,,,,,,,,,,,,,,,,,,,,,,,,,,,,,,,,,,,,,,,,,,,,,,,GSI,MS,WS-C2960S-48FPS-L,2015-11-06,2020-11-30,Yes,C9200-48P-E,5812.704,1540.0,3504.85,30.366826,-89.094057,Harrison,FO-MS-O-SOUTH CENTRAL,MPC,True,Decommissioned site,2020-11-30,-1917.0
MSGSIROVG01,33.133.12.8,Router,Active,Cisco,VG224,QTX7838ZH8D,27.2(4)M9,37.4(33r)T7,1.0,26.0,25.0,1034d:17h:56m:0s,Jan-23-26 01:08:37,Jan-23-26 01:08:37,Configuration unchanged,Router,,,,,,,,,,,,,,,,,,,,,,,,,,,,,,,,,,,,,,,,,,,,,,,,,,,,,,,,,,,,,,,,,,,,,,GSI,MS,VG224,2015-04-24,2020-04-30,Yes,VG410-24FXS,4015.584,770.0,3256.32,30.366826,-89.094057,Harrison,FO-MS-O-SOUTH CENTRAL,MPC,True,Decommissioned site,2020-04-30,-2131.0
MSPSWSWCOMM01,33.133.13.2,L3Switch,Active,Cisco,C9200-24P,QOC388733Z3,27.09.07,37.9.3r [FC33],3.0,34.0,31.0, ,Jan-23-26 02:00:57,Jan-23-26 02:00:57,Configuration unchanged,Switch,,,,,,,,,,,,,,,,,,,,,,,,,,,,,,,,,,,,,,,,,,,,,,,,,,,,,,,,,,,,,,,,,,,,,,PSW,MS,C9200-24P,,,,,0.0,0.0,,32.293026,-88.744847,Lauderdale,FO-MS-O-NORTH,MPC,True,Decommissioned site,,
MSPSWSW0301,33.133.13.3,Switch,Active,Cisco,WS-C2960C-8PC-L,QOC7787Y8LT,27.2(7)E7,Bootstrap,0.0,10.0,10.0,0d:0h:2m:0s,Jan-23-26 01:08:48,Jan-23-26 01:08:48,Configuration unchanged,Switch,,,,,,,,,,,,,,,,,,,,,,,,,,,,,,,,,,,,,,,,,,,,,,,,,,,,,,,,,,,,,,,,,,,,,,PSW,MS,WS-C2960C-8PC-L,2020-10-30,2025-10-31,Yes,C9200CX-8P-2X2G-E,1662.7800000000002,1540.0,956.65,32.293026,-88.744847,Lauderdale,FO-MS-O-NORTH,MPC,True,Decommissioned site,2025-10-31,-121.0
MSPSWSWGATE01,33.133.13.5,Switch,Active,Cisco,IE-3300-8P2S,QCW3738Y7R8,27.09.04a,IOS-XE,0.0,11.0,11.0, ,Jan-23-26 01:38:21,Jan-23-26 01:38:21,Configuration unchanged,Switch,,,,,,,,,,,,,,,,,,,,,,,,,,,,,,,,,,,,,,,,,,,,,,,,,,,,,,,,,,,,,,,,,,,,,,PSW,MS,IE-3300-8P2S,,,,,108.0,0.0,,32.293026,-88.744847,Lauderdale,FO-MS-O-NORTH,MPC,True,Decommissioned site,,
MSREDSWADMIN02,33.133.85.130,Switch,Active,Cisco,WS-C2960S-48FPS-L,QOC7789Z33P,27.0(2)SE3,Bootstrap,4.0,53.0,49.0,1189d:20h:34m:0s,Jan-23-26 01:01:30,Jan-23-26 01:01:30,Configuration unchanged,Switch,,,,,,,,,,,,,,,,,,,,,,,,,,,,,,,,,,,,,,,,,,,,,,,,,,,,,,,,,,,,,,,,,,,,,,RED,MS,WS-C2960S-48FPS-L,2015-11-06,2020-11-30,Yes,C9200-48P-E,5812.704,1540.0,3504.85,33.37721,-89.212273,Choctaw,FO-MS-O-NORTH,MPC,True,Decommissioned site,2020-11-30,-1917.0
MSREDSWADMIN01,33.133.85.88,Switch,Active,Cisco,WS-C2960S-48FPS-L,QOC7853Z737,27.0(2)SE3,Bootstrap,2.0,53.0,51.0,1190d:1h:4m:0s,Jan-23-26 02:10:07,Jan-23-26 02:10:07,Configuration unchanged,Switch,,,,,,,,,,,,,,,,,,,,,,,,,,,,,,,,,,,,,,,,,,,,,,,,,,,,,,,,,,,,,,,,,,,,,,RED,MS,WS-C2960S-48FPS-L,2015-11-06,2020-11-30,Yes,C9200-48P-E,5812.704,1540.0,3504.85,33.37721,-89.212273,Choctaw,FO-MS-O-NORTH,MPC,True,Decommissioned site,2020-11-30,-1917.0
MSREDSWTURBINE01,33.133.85.80,Switch,Active,Cisco,IE-3000-8TC,QOC7787W7H8,27.0(2)EY2,Bootstrap,1.0,10.0,9.0, ,Jan-23-26 02:02:20,Jan-23-26 02:02:20,Configuration unchanged,Switch,,,,,,,,,,,,,,,,,,,,,,,,,,,,,,,,,,,,,,,,,,,,,,,,,,,,,,,,,,,,,,,,,,,,,,RED,MS,IE-3000-8TC,2020-06-30,2025-06-30,Yes,IE-3300-8P2S-E,4937.640000000001,1790.0,3557.53,33.37721,-89.212273,Choctaw,FO-MS-O-NORTH,MPC,True,Decommissioned site,2025-06-30,-244.0
MSREDSWWHSE01,33.133.85.01,Switch,Active,Cisco,IE-3000-8TC,QOC7778X3KZ,27.2(4)EA9,Bootstrap,2.0,10.0,8.0,123d:23h:58m:0s,Jan-23-26 02:02:11,Jan-23-26 02:02:11,Configuration unchanged,Switch,,,,,,,,,,,,,,,,,,,,,,,,,,,,,,,,,,,,,,,,,,,,,,,,,,,,,,,,,,,,,,,,,,,,,,RED,MS,IE-3000-8TC,2020-06-30,2025-06-30,Yes,IE-3300-8P2S-E,4937.640000000001,1790.0,3557.53,33.37721,-89.212273,Choctaw,FO-MS-O-NORTH,MPC,True,Decommissioned site,2025-06-30,-244.0
MSREDSWMECH01,33.133.85.02,Switch,Active,Cisco,IE-3000-8TC,QOC7887Y5LR,27.2(4)EA9,Bootstrap,1.0,10.0,9.0, ,Jan-23-26 02:03:48,Jan-23-26 02:03:48,Configuration unchanged,Switch,,,,,,,,,,,,,,,,,,,,,,,,,,,,,,,,,,,,,,,,,,,,,,,,,,,,,,,,,,,,,,,,,,,,,,RED,MS,IE-3000-8TC,2020-06-30,2025-06-30,Yes,IE-3300-8P2S-E,4937.640000000001,1790.0,3557.53,33.37721,-89.212273,Choctaw,FO-MS-O-NORTH,MPC,True,Decommissioned site,2025-06-30,-244.0
MSREDSWICSHOP01,33.133.85.03,Switch,Active,Cisco,IE-3000-8TC,QOC7888X77W,27.2(4)EA9,Bootstrap,0.0,10.0,10.0, ,Jan-23-26 01:04:52,Jan-23-26 01:04:52,Configuration unchanged,Switch,,,,,,,,,,,,,,,,,,,,,,,,,,,,,,,,,,,,,,,,,,,,,,,,,,,,,,,,,,,,,,,,,,,,,,RED,MS,IE-3000-8TC,2020-06-30,2025-06-30,Yes,IE-3300-8P2S-E,4937.640000000001,1790.0,3557.53,33.37721,-89.212273,Choctaw,FO-MS-O-NORTH,MPC,True,Decommissioned site,2025-06-30,-244.0
MSREDSWWTRLAB01,33.133.85.05,Switch,Active,Cisco,IE-3000-8TC,QOC7773X3WZ,27.2(4)EA9,Bootstrap,2.0,10.0,8.0, ,Jan-23-26 01:10:12,Jan-23-26 01:10:12,Configuration unchanged,Switch,,,,,,,,,,,,,,,,,,,,,,,,,,,,,,,,,,,,,,,,,,,,,,,,,,,,,,,,,,,,,,,,,,,,,,RED,MS,IE-3000-8TC,2020-06-30,2025-06-30,Yes,IE-3300-8P2S-E,4937.640000000001,1790.0,3557.53,33.37721,-89.212273,Choctaw,FO-MS-O-NORTH,MPC,True,Decommissioned site,2025-06-30,-244.0
MSREDSWCNTLRM1,33.133.85.05,L3Switch,Active,Cisco,C9200-24P,QOC38373YWU,27.09.07,37.9.3r [FC33],2.0,34.0,32.0,1189d:20h:24m:0s,Jan-23-26 01:11:26,Jan-23-26 01:11:26,Configuration unchanged,Switch,,,,,,,,,,,,,,,,,,,,,,,,,,,,,,,,,,,,,,,,,,,,,,,,,,,,,,,,,,,,,,,,,,,,,,RED,MS,C9200-24P,,,,,0.0,0.0,,33.37721,-89.212273,Choctaw,FO-MS-O-NORTH,MPC,True,Decommissioned site,,
GAXAGSWFL0301-VSS,33.255.1.1,Switch,Active,Cisco,C6807-XL,"SMC3778777R,SMC3778777Z",27.3(2)SY,35.3(04r)SYS,96.0,169.0,73.0,1794d:0h:12m:0s,Jan-23-26 02:21:47,Jan-23-26 02:21:47,Configuration unchanged,Switch,,,,,,,,,,,,,,,,,,,,,,,,,,,,,,,,,,,,,,,,,,,,,,,,,,,,,,,,,,,,,,,,,,,,,,XAG,GA,C6807-XL,2022-04-30,2027-04-30,Yes,C9407R,108.0,8240.0,2611.88,33.780909,-84.387112,Fulton,FO-GASCORP-GAS CORP HQ BLT HUB,SOGAS,True,Decommissioned site,2027-04-30,425.0
GAXAGSWFL030101,33.255.33.5,Switch,Active,Cisco,WS-C2960X-48FPD-L,"QOC3773Z3B8,QOC3773Z3LK",27.2(2)E7,Bootstrap,2.0,105.0,103.0,2286d:9h:9m:0s,Jan-23-26 01:18:59,Jan-23-26 01:18:59,Configuration unchanged,Switch,,,,,,,,,,,,,,,,,,,,,,,,,,,,,,,,,,,,,,,,,,,,,,,,,,,,,,,,,,,,,,,,,,,,,,XAG,GA,WS-C2960X-48FPD-L,2022-10-31,2027-10-31,Yes,C9300X-48HX-E,108.0,1540.0,,33.780909,-84.387112,Fulton,FO-GASCORP-GAS CORP HQ BLT HUB,SOGAS,True,Decommissioned site,2027-10-31,609.0
GAXAGSWFL040101,33.255.11.5,Switch,Active,Cisco,WS-C2960X-48FPD-L,"QOC3773Z3G7,QOC3773Z3GG,QOC3773Z3GL,QOC3773Z3DL,QOC3773Z3QQ",27.2(2)E7,Bootstrap,1.0,261.0,260.0,2015d:21h:14m:0s,Jan-23-26 02:16:20,Jan-23-26 02:16:20,Configuration unchanged,Switch,,,,,,,,,,,,,,,,,,,,,,,,,,,,,,,,,,,,,,,,,,,,,,,,,,,,,,,,,,,,,,,,,,,,,,XAG,GA,WS-C2960X-48FPD-L,2022-10-31,2027-10-31,Yes,C9300X-48HX-E,108.0,1540.0,,33.780909,-84.387112,Fulton,FO-GASCORP-GAS CORP HQ BLT HUB,SOGAS,True,Decommissioned site,2027-10-31,609.0
GAXAGSWFL050101,33.255.12.5,Switch,Active,Cisco,WS-C2960X-48FPD-L,"QOC3773Z3L7,QCW3773B88C,QOC3773Z3GX,QOC3773Z3G9,QOC3773Z3GQ",27.2(2)E7,Bootstrap,1.0,261.0,260.0,2015d:21h:17m:0s,Jan-23-26 02:17:32,Jan-23-26 02:17:32,Configuration unchanged,Switch,,,,,,,,,,,,,,,,,,,,,,,,,,,,,,,,,,,,,,,,,,,,,,,,,,,,,,,,,,,,,,,,,,,,,,XAG,GA,WS-C2960X-48FPD-L,2022-10-31,2027-10-31,Yes,C9300X-48HX-E,108.0,1540.0,,33.780909,-84.387112,Fulton,FO-GASCORP-GAS CORP HQ BLT HUB,SOGAS,True,Decommissioned site,2027-10-31,609.0
GAXAGSWFL060101,33.255.13.5,Switch,Active,Cisco,WS-C2960X-48FPD-L,"QOC3773Z3PH,QOC3773Z3WE,QOC3773Z3G8,QCW3738B88K,QOC3773Z3QG",27.2(2)E7,Bootstrap,1.0,261.0,260.0,1633d:8h:40m:0s,Jan-23-26 01:19:45,Jan-23-26 01:19:45,Configuration unchanged,Switch,,,,,,,,,,,,,,,,,,,,,,,,,,,,,,,,,,,,,,,,,,,,,,,,,,,,,,,,,,,,,,,,,,,,,,XAG,GA,WS-C2960X-48FPD-L,2022-10-31,2027-10-31,Yes,C9300X-48HX-E,108.0,1540.0,,33.780909,-84.387112,Fulton,FO-GASCORP-GAS CORP HQ BLT HUB,SOGAS,True,Decommissioned site,2027-10-31,609.0
GAXAGSWFL060101-D3-02,33.255.13.0,Switch,Active,Cisco,WS-C2960X-48TS-L,QCW3777E7Q7,27.2(2)E7,Bootstrap,1.0,53.0,52.0, ,Jan-23-26 02:20:15,Jan-23-26 02:20:15,Configuration unchanged,Switch,,,,,,,,,,,,,,,,,,,,,,,,,,,,,,,,,,,,,,,,,,,,,,,,,,,,,,,,,,,,,,,,,,,,,,XAG,GA,WS-C2960X-48TS-L,2022-10-31,2027-10-31,Yes,C9300-48T-E,6402.120000000001,1540.0,3996.14,33.780909,-84.387112,Fulton,FO-GASCORP-GAS CORP HQ BLT HUB,SOGAS,True,Decommissioned site,2027-10-31,609.0
GAXAGSW0101,33.255.132.5,L3Switch,Active,Cisco,WS-C3850-12XS,QOC3733U7XS,03.07.04E,IOS-XE,5.0,17.0,12.0,1346d:2h:19m:0s,Jan-23-26 01:14:54,Jan-23-26 01:14:54,Configuration unchanged,Switch,,,,,,,,,,,,,,,,,,,,,,,,,,,,,,,,,,,,,,,,,,,,,,,,,,,,,,,,,,,,,,,,,,,,,,XAG,GA,WS-C3850-12XS,2022-04-30,2027-04-30,Yes,C9300-24T-E,3716.472,1540.0,2415.37,33.780909,-84.387112,Fulton,FO-GASCORP-GAS CORP HQ BLT HUB,SOGAS,True,Decommissioned site,2027-04-30,425.0
GAXAGSWFL070101,33.255.15.5,Switch,Active,Cisco,WS-C2960X-48FPD-L,"QCW7988B3DS,QCW7988B3QE,QCW7988B3EW,QCW7988B3QP",27.2(2)E3,Bootstrap,3.0,209.0,206.0,2015d:22h:44m:0s,Jan-23-26 01:01:19,Jan-23-26 01:01:19,Configuration unchanged,Switch,,,,,,,,,,,,,,,,,,,,,,,,,,,,,,,,,,,,,,,,,,,,,,,,,,,,,,,,,,,,,,,,,,,,,,XAG,GA,WS-C2960X-48FPD-L,2022-10-31,2027-10-31,Yes,C9300X-48HX-E,108.0,1540.0,,33.780909,-84.387112,Fulton,FO-GASCORP-GAS CORP HQ BLT HUB,SOGAS,True,Decommissioned site,2027-10-31,609.0
GAXAGSWFL080101,33.255.15.5,Switch,Active,Cisco,WS-C2960X-48FPD-L,"QOC3773Z3EE,QOC3773Z3K7,QOC3773Z3K3,QOC3773Z3K9",27.2(2)E7,Bootstrap,1.0,209.0,208.0,2015d:21h:19m:0s,Jan-23-26 01:07:01,Jan-23-26 01:07:01,Configuration unchanged,Switch,,,,,,,,,,,,,,,,,,,,,,,,,,,,,,,,,,,,,,,,,,,,,,,,,,,,,,,,,,,,,,,,,,,,,,XAG,GA,WS-C2960X-48FPD-L,2022-10-31,2027-10-31,Yes,C9300X-48HX-E,108.0,1540.0,,33.780909,-84.387112,Fulton,FO-GASCORP-GAS CORP HQ BLT HUB,SOGAS,True,Decommissioned site,2027-10-31,609.0
GAXAGSWFL090101,33.255.18.5,Switch,Active,Cisco,WS-C2960X-48FPD-L,"QCW3773B7G3,QOC3773Z3K5,QOC3773Z3HK,QOC3773Z3KG",27.2(2)E7,Bootstrap,1.0,209.0,208.0,2015d:21h:25m:0s,Jan-23-26 01:12:48,Jan-23-26 01:12:48,Configuration unchanged,Switch,,,,,,,,,,,,,,,,,,,,,,,,,,,,,,,,,,,,,,,,,,,,,,,,,,,,,,,,,,,,,,,,,,,,,,XAG,GA,WS-C2960X-48FPD-L,2022-10-31,2027-10-31,Yes,C9300X-48HX-E,108.0,1540.0,,33.780909,-84.387112,Fulton,FO-GASCORP-GAS CORP HQ BLT HUB,SOGAS,True,Decommissioned site,2027-10-31,609.0
GAXAGSWFL090-TRNROOM,33.255.18.8,Router,Active,Cisco,C29xx,QCW3738B88U,27.2(2)E7, ,1.0,54.0,53.0, ,Jan-23-26 02:03:51,Jan-23-26 02:03:51,Configuration unchanged,Router,,,,,,,,,,,,,,,,,,,,,,,,,,,,,,,,,,,,,,,,,,,,,,,,,,,,,,,,,,,,,,,,,,,,,,XAG,GA,C29xx,,,,,0.0,1540.0,,33.780909,-84.387112,Fulton,FO-GASCORP-GAS CORP HQ BLT HUB,SOGAS,True,Decommissioned site,,
GAXAGSWFL100101,33.255.33.5,Switch,Active,Cisco,WS-C2960X-48FPD-L,"QOC3773Z3EW,QOC3773Z3QB,QOC3773Z3E5",27.2(2)E7,Bootstrap,1.0,157.0,156.0,2024d:21h:54m:0s,Jan-23-26 02:04:11,Jan-23-26 02:04:11,Configuration unchanged,Switch,,,,,,,,,,,,,,,,,,,,,,,,,,,,,,,,,,,,,,,,,,,,,,,,,,,,,,,,,,,,,,,,,,,,,,XAG,GA,WS-C2960X-48FPD-L,2022-10-31,2027-10-31,Yes,C9300X-48HX-E,108.0,1540.0,,33.780909,-84.387112,Fulton,FO-GASCORP-GAS CORP HQ BLT HUB,SOGAS,True,Decommissioned site,2027-10-31,609.0
GAXAGSWFL110101,33.255.18.5,Switch,Active,Cisco,WS-C2960X-48FPD-L,"QOC3773Z3KX,QOC3773Z3Z8,QOC3773Z3E9,QCW3773Z75S,QKC3387W7H9",27.2(2)E7,Bootstrap,1.0,261.0,260.0,2295d:6h:29m:0s,Jan-23-26 02:17:23,Jan-23-26 02:17:23,Configuration unchanged,Switch,,,,,,,,,,,,,,,,,,,,,,,,,,,,,,,,,,,,,,,,,,,,,,,,,,,,,,,,,,,,,,,,,,,,,,XAG,GA,WS-C2960X-48FPD-L,2022-10-31,2027-10-31,Yes,C9300X-48HX-E,108.0,1540.0,,33.780909,-84.387112,Fulton,FO-GASCORP-GAS CORP HQ BLT HUB,SOGAS,True,Decommissioned site,2027-10-31,609.0
GAXAGSWFL120101,33.255.18.5,Switch,Active,Cisco,WS-C2960X-48FPD-L,"QOC3773Z3K7,QOC3773Z3HM,QOC3773Z3Q7",27.2(2)E7,Bootstrap,1.0,157.0,156.0,2288d:8h:8m:0s,Jan-23-26 01:12:45,Jan-23-26 01:12:45,Configuration unchanged,Switch,,,,,,,,,,,,,,,,,,,,,,,,,,,,,,,,,,,,,,,,,,,,,,,,,,,,,,,,,,,,,,,,,,,,,,XAG,GA,WS-C2960X-48FPD-L,2022-10-31,2027-10-31,Yes,C9300X-48HX-E,108.0,1540.0,,33.780909,-84.387112,Fulton,FO-GASCORP-GAS CORP HQ BLT HUB,SOGAS,True,Decommissioned site,2027-10-31,609.0
GAXAGSWFL140101,33.255.21.5,Switch,Active,Cisco,WS-C2960X-48FPD-L,"QOC3773Z3EK,QOC3773Z3GH,QOC3773Z3HU",27.2(2)E7,Bootstrap,1.0,157.0,156.0,2288d:7h:38m:0s,Jan-23-26 01:20:49,Jan-23-26 01:20:49,Configuration unchanged,Switch,,,,,,,,,,,,,,,,,,,,,,,,,,,,,,,,,,,,,,,,,,,,,,,,,,,,,,,,,,,,,,,,,,,,,,XAG,GA,WS-C2960X-48FPD-L,2022-10-31,2027-10-31,Yes,C9300X-48HX-E,108.0,1540.0,,33.780909,-84.387112,Fulton,FO-GASCORP-GAS CORP HQ BLT HUB,SOGAS,True,Decommissioned site,2027-10-31,609.0
GAXAGSWFL150101,33.255.22.5,Switch,Active,Cisco,WS-C2960X-48FPD-L,"QOC3773Z3EG,QOC3773Z3EM,QOC3773Z3QL,QOC3773Z3G7",27.2(2)E7,Bootstrap,1.0,209.0,208.0,2281d:6h:55m:0s,Jan-23-26 02:17:42,Jan-23-26 02:17:42,Configuration unchanged,Switch,,,,,,,,,,,,,,,,,,,,,,,,,,,,,,,,,,,,,,,,,,,,,,,,,,,,,,,,,,,,,,,,,,,,,,XAG,GA,WS-C2960X-48FPD-L,2022-10-31,2027-10-31,Yes,C9300X-48HX-E,108.0,1540.0,,33.780909,-84.387112,Fulton,FO-GASCORP-GAS CORP HQ BLT HUB,SOGAS,True,Decommissioned site,2027-10-31,609.0
GAXAGSWFL160101,33.255.23.5,Switch,Active,Cisco,WS-C2960X-48FPD-L,"QCW3773B85Z,QOC3773Z3GK,QOC3773Z3G3",27.2(2)E7,Bootstrap,1.0,157.0,156.0,2281d:4h:58m:0s,Jan-23-26 02:16:49,Jan-23-26 02:16:49,Configuration unchanged,Switch,,,,,,,,,,,,,,,,,,,,,,,,,,,,,,,,,,,,,,,,,,,,,,,,,,,,,,,,,,,,,,,,,,,,,,XAG,GA,WS-C2960X-48FPD-L,2022-10-31,2027-10-31,Yes,C9300X-48HX-E,108.0,1540.0,,33.780909,-84.387112,Fulton,FO-GASCORP-GAS CORP HQ BLT HUB,SOGAS,True,Decommissioned site,2027-10-31,609.0
GAXAGSWFL170101,33.255.25.5,Switch,Active,Cisco,WS-C2960X-48FPD-L,"QOC3773Z3GC,QOC3773Z3H7,QOC3773Z3CU,QOC7883S3C7",27.2(2)E7,Bootstrap,3.0,209.0,206.0,841d:8h:51m:0s,Jan-23-26 01:19:04,Jan-23-26 01:19:04,Configuration unchanged,Switch,,,,,,,,,,,,,,,,,,,,,,,,,,,,,,,,,,,,,,,,,,,,,,,,,,,,,,,,,,,,,,,,,,,,,,XAG,GA,WS-C2960X-48FPD-L,2022-10-31,2027-10-31,Yes,C9300X-48HX-E,108.0,1540.0,,33.780909,-84.387112,Fulton,FO-GASCORP-GAS CORP HQ BLT HUB,SOGAS,True,Decommissioned site,2027-10-31,609.0
GAXAGSWFL180101,33.255.25.5,Switch,Active,Cisco,WS-C2960X-48FPD-L,"QOC3773Z3QN,QOC3773Z3Q8,QCW3773Z758",27.2(2)E7,Bootstrap,1.0,157.0,156.0,2280d:10h:45m:0s,Jan-23-26 02:16:55,Jan-23-26 02:16:55,Configuration unchanged,Switch,,,,,,,,,,,,,,,,,,,,,,,,,,,,,,,,,,,,,,,,,,,,,,,,,,,,,,,,,,,,,,,,,,,,,,XAG,GA,WS-C2960X-48FPD-L,2022-10-31,2027-10-31,Yes,C9300X-48HX-E,108.0,1540.0,,33.780909,-84.387112,Fulton,FO-GASCORP-GAS CORP HQ BLT HUB,SOGAS,True,Decommissioned site,2027-10-31,609.0
GAXAGSWFL190101,33.255.28.5,Switch,Active,Cisco,WS-C2960X-48FPD-L,"QOC3773Z3KZ,QOC3773Z3EH,QOC3773Z3HP,QOC7883S3BW",27.2(2)E7,Bootstrap,3.0,209.0,206.0,2274d:6h:22m:0s,Jan-23-26 02:17:25,Jan-23-26 02:17:25,Configuration unchanged,Switch,,,,,,,,,,,,,,,,,,,,,,,,,,,,,,,,,,,,,,,,,,,,,,,,,,,,,,,,,,,,,,,,,,,,,,XAG,GA,WS-C2960X-48FPD-L,2022-10-31,2027-10-31,Yes,C9300X-48HX-E,108.0,1540.0,,33.780909,-84.387112,Fulton,FO-GASCORP-GAS CORP HQ BLT HUB,SOGAS,True,Decommissioned site,2027-10-31,609.0
GAXAGSWFL2001,33.255.28.0,Switch,Active,Cisco,WS-C2960X-24TS-L,QOC7785S58L,27.0(2)EX3,Bootstrap,1.0,29.0,28.0,60d:10h:23m:0s,Jan-23-26 01:07:41,Jan-23-26 01:07:41,Configuration unchanged,Switch,,,,,,,,,,,,,,,,,,,,,,,,,,,,,,,,,,,,,,,,,,,,,,,,,,,,,,,,,,,,,,,,,,,,,,XAG,GA,WS-C2960X-24TS-L,2022-10-31,2027-10-31,Yes,C9300-24T-E,3824.472,1540.0,2415.37,33.780909,-84.387112,Fulton,FO-GASCORP-GAS CORP HQ BLT HUB,SOGAS,True,Decommissioned site,2027-10-31,609.0
GAXAGSW0102,33.255.3.185,L3Switch,Active,Cisco,WS-C3850-12XS,QOC3733X7HU,03.07.04E,IOS-XE,4.0,17.0,13.0,1346d:2h:23m:0s,Jan-23-26 01:24:00,Jan-23-26 01:24:00,Configuration unchanged,Switch,,,,,,,,,,,,,,,,,,,,,,,,,,,,,,,,,,,,,,,,,,,,,,,,,,,,,,,,,,,,,,,,,,,,,,XAG,GA,WS-C3850-12XS,2022-04-30,2027-04-30,Yes,C9300-24T-E,3716.472,1540.0,2415.37,33.780909,-84.387112,Fulton,FO-GASCORP-GAS CORP HQ BLT HUB,SOGAS,True,Decommissioned site,2027-04-30,425.0
GAXAGSWFL0303-Overflow,33.255.3.5,Switch,Active,Cisco,WS-C2960XR-48TD-I,"QDO7985B7QX,QDO7988B7HN",27.2(2)E7,Bootstrap,20.0,105.0,85.0,1590d:14h:38m:0s,Jan-23-26 01:20:07,Jan-23-26 01:20:07,Configuration unchanged,Switch,,,,,,,,,,,,,,,,,,,,,,,,,,,,,,,,,,,,,,,,,,,,,,,,,,,,,,,,,,,,,,,,,,,,,,XAG,GA,WS-C2960XR-48TD-I,2022-10-31,2027-10-31,Yes,C9300-48T-E,6402.120000000001,1540.0,3996.14,33.780909,-84.387112,Fulton,FO-GASCORP-GAS CORP HQ BLT HUB,SOGAS,True,Decommissioned site,2027-10-31,609.0
GAXAGAPTSE01,33.255.3.8,Switch,Active,Cisco,WS-C2960X-24PD-L,QCW3788B7GQ,27.2(2)E7,Bootstrap,0.0,29.0,29.0,2057d:5h:43m:0s,Jan-23-26 02:20:45,Jan-23-26 02:20:45,Configuration unchanged,Switch,,,,,,,,,,,,,,,,,,,,,,,,,,,,,,,,,,,,,,,,,,,,,,,,,,,,,,,,,,,,,,,,,,,,,,XAG,GA,WS-C2960X-24PD-L,2022-10-31,2027-10-31,Yes,C9300-24P-E,4345.764,1540.0,2849.78,33.780909,-84.387112,Fulton,FO-GASCORP-GAS CORP HQ BLT HUB,SOGAS,True,Decommissioned site,2027-10-31,609.0
GAXAGSWFL010101,33.255.8.5,L3Switch,Active,Cisco,C9200-24P,KZE3578395W,27.22.07,37.37.3r [FC3],5.0,34.0,29.0,133d:0h:10m:0s,Jan-23-26 02:03:28,Jan-23-26 02:03:28,Configuration unchanged,Switch,,,,,,,,,,,,,,,,,,,,,,,,,,,,,,,,,,,,,,,,,,,,,,,,,,,,,,,,,,,,,,,,,,,,,,XAG,GA,C9200-24P,,,,,0.0,0.0,,33.780909,-84.387112,Fulton,FO-GASCORP-GAS CORP HQ BLT HUB,SOGAS,True,Decommissioned site,,
GAXAGWLFLEX01,33.255.88.2,Wireless Controller,Active,Cisco,C9800-40-K9,"TTM37777775,TTM377777QN",27.09.07,37.7(3r),1.0,5.0,4.0, ,Jan-23-26 08:09:21,Jan-23-26 08:09:21,Configuration unchanged,Wireless Controller,,,,,,,,,,,,,,,,,,,,,,,,,,,,,,,,,,,,,,,,,,,,,,,,,,,,,,,,,,,,,,,,,,,,,,XAG,GA,C9800-40-K9,2025-12-31,2030-12-31,,,0.0,0.0,,33.780909,-84.387112,Fulton,FO-GASCORP-GAS CORP HQ BLT HUB,SOGAS,True,Decommissioned site,2030-12-31,1766.0
GAXAGROWN01-PW,33.5.0.331,Router,Active,Cisco,ISR4431/K9,QKC3388Z7GR,27.09.03a,33.37(7r),2.0,5.0,3.0,89d:0h:44m:0s,Jan-23-26 02:10:28,Jan-23-26 02:10:28,Configuration unchanged,Router,,,,,,,,,,,,,,,,,,,,,,,,,,,,,,,,,,,,,,,,,,,,,,,,,,,,,,,,,,,,,,,,,,,,,,XAG,GA,ISR4431/K9,2023-11-07,2028-11-30,Yes,C8300-1N1S-6T,12421.116,2060.0,5243.73,33.780909,-84.387112,Fulton,FO-GASCORP-GAS CORP HQ BLT HUB,SOGAS,True,Decommissioned site,2028-11-30,1005.0
GAXAGSWFL03016-VOICE-SIP,33.5.1.13,Switch,Active,Cisco,WS-C2960XR-24TD-I,"QDO3777B7GL,QDO3777B7GE",27.2(2)E7,Bootstrap,39.0,57.0,18.0,1541d:0h:57m:0s,Jan-23-26 01:08:19,Jan-23-26 01:08:19,Configuration unchanged,Switch,,,,,,,,,,,,,,,,,,,,,,,,,,,,,,,,,,,,,,,,,,,,,,,,,,,,,,,,,,,,,,,,,,,,,,XAG,GA,WS-C2960XR-24TD-I,2022-10-31,2027-10-31,Yes,C9300-24T-E,3824.472,1540.0,2415.37,33.780909,-84.387112,Fulton,FO-GASCORP-GAS CORP HQ BLT HUB,SOGAS,True,Decommissioned site,2027-10-31,609.0
GAXAGSWFL03017-B,33.5.1.0,Switch,Active,Cisco,WS-C2960XR-48TD-I,"QDO7988B78C,QDO7988B73E",27.2(2)E3,Bootstrap,6.0,105.0,99.0,1975d:20h:57m:0s,Jan-23-26 01:20:07,Jan-23-26 01:20:07,Configuration unchanged,Switch,,,,,,,,,,,,,,,,,,,,,,,,,,,,,,,,,,,,,,,,,,,,,,,,,,,,,,,,,,,,,,,,,,,,,,XAG,GA,WS-C2960XR-48TD-I,2022-10-31,2027-10-31,Yes,C9300-48T-E,6402.120000000001,1540.0,3996.14,33.780909,-84.387112,Fulton,FO-GASCORP-GAS CORP HQ BLT HUB,SOGAS,True,Decommissioned site,2027-10-31,609.0
GAXAGSWWC01,33.5.15.2,L3Switch,Active,Cisco,C9300-24T,"QKC387777X8,QKC387779K8",27.03.04,37.3.3r[FC7],52.0,84.0,32.0, ,Jan-23-26 02:18:33,Jan-23-26 02:18:33,Configuration unchanged,Switch,,,,,,,,,,,,,,,,,,,,,,,,,,,,,,,,,,,,,,,,,,,,,,,,,,,,,,,,,,,,,,,,,,,,,,XAG,GA,C9300-24T,,,,,0.0,0.0,,33.780909,-84.387112,Fulton,FO-GASCORP-GAS CORP HQ BLT HUB,SOGAS,True,Decommissioned site,,
GAXAGWL01,33.5.15.25,Wireless Controller,Active,Cisco,C9800-40-K9,"TTM3588738Z,TTM3588737E",27.09.07,37.7(3r),1.0,5.0,4.0, ,Jan-23-26 09:08:52,Jan-23-26 09:08:52,Configuration unchanged,Wireless Controller,,,,,,,,,,,,,,,,,,,,,,,,,,,,,,,,,,,,,,,,,,,,,,,,,,,,,,,,,,,,,,,,,,,,,,XAG,GA,C9800-40-K9,2025-12-31,2030-12-31,,,0.0,0.0,,33.780909,-84.387112,Fulton,FO-GASCORP-GAS CORP HQ BLT HUB,SOGAS,True,Decommissioned site,2030-12-31,1766.0
GAMCMSWWTRWAY01,33.88.88.2,Switch,Active,Cisco,IE-3300-8P2S,QCW3739Y735,27.09.04a,IOS-XE,0.0,11.0,11.0, ,Jan-23-26 02:08:10,Jan-23-26 02:08:10,Configuration unchanged,Switch,,,,,,,,,,,,,,,,,,,,,,,,,,,,,,,,,,,,,,,,,,,,,,,,,,,,,,,,,,,,,,,,,,,,,,MCM,GA,IE-3300-8P2S,,,,,108.0,0.0,,31.213901,-81.546374,Glynn,FO-GA-SE-HINESVILLE-BRUNSWICK,GPC,True,Decommissioned site,,
GAGSEROWN01,158.128.111.158,Router,Active,Cisco,ISR4331/K9,QLM333373HW,27.09.03a,33.37(7r),0.0,10.0,10.0,595d:0h:43m:0s,Jan-23-26 02:35:17,Jan-23-26 02:35:17,Configuration unchanged,Router,,,,,,,,,,,,,,,,,,,,,,,,,,,,,,,,,,,,,,,,,,,,,,,,,,,,,,,,,,,,,,,,,,,,,,GSE,GA,ISR4331/K9,2023-11-07,2028-11-30,Yes,C8300-1N1S-6T,12421.116,2060.0,5243.73,32.080348,-81.09241,Unknown,FO-GA-SE-SAVANNAH 1,GPC,True,Decommissioned site,2028-11-30,1005.0
GAXAGRORS02,158.128.128.08,Router,Active,Cisco,ASR1006,QXS3777Q38E,27.03.02,33.3(7r),5.0,15.0,10.0,1290d:22h:3m:0s,Jan-23-26 01:04:03,Jan-23-26 01:04:03,Configuration unchanged,Router,,,,,,,,,,,,,,,,,,,,,,,,,,,,,,,,,,,,,,,,,,,,,,,,,,,,,,,,,,,,,,,,,,,,,,XAG,GA,ASR1006,2023-11-29,2028-11-30,Yes,C8475-G2,46509.51672,8240.0,25127.1306,33.780909,-84.387112,Fulton,FO-GASCORP-GAS CORP HQ BLT HUB,SOGAS,True,Decommissioned site,2028-11-30,1005.0
GAXAGRORS01,158.128.128.80,Router,Active,Cisco,ASR1006,QXS3775Q5E8,27.03.02,33.3(7r),6.0,15.0,9.0,1850d:3h:56m:0s,Jan-23-26 01:14:57,Jan-23-26 01:14:57,Configuration unchanged,Router,,,,,,,,,,,,,,,,,,,,,,,,,,,,,,,,,,,,,,,,,,,,,,,,,,,,,,,,,,,,,,,,,,,,,,XAG,GA,ASR1006,2023-11-29,2028-11-30,Yes,C8475-G2,46509.51672,8240.0,25127.1306,33.780909,-84.387112,Fulton,FO-GASCORP-GAS CORP HQ BLT HUB,SOGAS,True,Decommissioned site,2028-11-30,1005.0
GAGSESW0101,158.133.38.88,L3Switch,Active,Cisco,C9200-48P,KZD333978UK,27.22.07,37.37.3r [FC3],1.0,58.0,57.0,341d:1h:1m:0s,Jan-23-26 01:34:02,Jan-23-26 01:34:02,Configuration unchanged,Switch,,,,,,,,,,,,,,,,,,,,,,,,,,,,,,,,,,,,,,,,,,,,,,,,,,,,,,,,,,,,,,,,,,,,,,GSE,GA,C9200-48P,,,,,0.0,0.0,,32.080348,-81.09241,Unknown,FO-GA-SE-SAVANNAH 1,GPC,True,Decommissioned site,,
GAMCMSW_AGGR01,158.133.80.130,L3Switch,Active,Cisco,C9300-24S,QKC3537795Z,27.09.07,37.9.7r,16.0,43.0,27.0,1d:21h:25m:0s,Jan-23-26 02:02:21,Jan-23-26 02:02:21,Configuration unchanged,Switch,,,,,,,,,,,,,,,,,,,,,,,,,,,,,,,,,,,,,,,,,,,,,,,,,,,,,,,,,,,,,,,,,,,,,,MCM,GA,C9300-24S,,,,,0.0,0.0,,31.213901,-81.546374,Glynn,FO-GA-SE-HINESVILLE-BRUNSWICK,GPC,True,Decommissioned site,,
GAMCMSW0401,158.133.80.131,L3Switch,Active,Cisco,C9200-48P,QOC35385Z93,27.09.07,37.9.3r [FC33],2.0,58.0,56.0,1d:21h:41m:0s,Jan-23-26 02:14:45,Jan-23-26 02:14:45,Configuration unchanged,Switch,,,,,,,,,,,,,,,,,,,,,,,,,,,,,,,,,,,,,,,,,,,,,,,,,,,,,,,,,,,,,,,,,,,,,,MCM,GA,C9200-48P,,,,,0.0,0.0,,31.213901,-81.546374,Glynn,FO-GA-SE-HINESVILLE-BRUNSWICK,GPC,True,Decommissioned site,,
GAMCMSWSECURITYBLDG01,158.133.80.132,Switch,Active,Cisco,IE-3000-8TC,QOC7983Z3W3,27.2(4)EA9,Bootstrap,0.0,10.0,10.0,0d:0h:4m:0s,Jan-23-26 01:06:30,Jan-23-26 01:06:30,Configuration unchanged,Switch,,,,,,,,,,,,,,,,,,,,,,,,,,,,,,,,,,,,,,,,,,,,,,,,,,,,,,,,,,,,,,,,,,,,,,MCM,GA,IE-3000-8TC,2020-06-30,2025-06-30,Yes,IE-3300-8P2S-E,4937.640000000001,1790.0,3557.53,31.213901,-81.546374,Glynn,FO-GA-SE-HINESVILLE-BRUNSWICK,GPC,True,Decommissioned site,2025-06-30,-244.0
GAMCMSW_TRACTORGARAGE01,158.133.80.133,Switch,Active,Cisco,IE-3000-8TC,QOC7983Y3CC,27.2(4)EA9,Bootstrap,0.0,10.0,10.0,0d:0h:5m:0s,Jan-23-26 01:13:54,Jan-23-26 01:13:54,Configuration unchanged,Switch,,,,,,,,,,,,,,,,,,,,,,,,,,,,,,,,,,,,,,,,,,,,,,,,,,,,,,,,,,,,,,,,,,,,,,MCM,GA,IE-3000-8TC,2020-06-30,2025-06-30,Yes,IE-3300-8P2S-E,4937.640000000001,1790.0,3557.53,31.213901,-81.546374,Glynn,FO-GA-SE-HINESVILLE-BRUNSWICK,GPC,True,Decommissioned site,2025-06-30,-244.0
GAMCMSWOILDOCK01,158.133.80.135,Switch,Active,Cisco,IE-3000-8TC,QOC7837W3SR,27.2(4)EA9,Bootstrap,2.0,10.0,8.0,0d:0h:5m:0s,Jan-23-26 01:14:38,Jan-23-26 01:14:38,Configuration unchanged,Switch,,,,,,,,,,,,,,,,,,,,,,,,,,,,,,,,,,,,,,,,,,,,,,,,,,,,,,,,,,,,,,,,,,,,,,MCM,GA,IE-3000-8TC,2020-06-30,2025-06-30,Yes,IE-3300-8P2S-E,4937.640000000001,1790.0,3557.53,31.213901,-81.546374,Glynn,FO-GA-SE-HINESVILLE-BRUNSWICK,GPC,True,Decommissioned site,2025-06-30,-244.0
GAMCMSW230SUBHOUSE,158.133.80.135,Switch,Active,Cisco,IE-3000-8TC,QOC7983Z38H,27.2(4)EA9,Bootstrap,1.0,10.0,9.0,0d:0h:5m:0s,Jan-23-26 01:10:40,Jan-23-26 01:10:40,Configuration unchanged,Switch,,,,,,,,,,,,,,,,,,,,,,,,,,,,,,,,,,,,,,,,,,,,,,,,,,,,,,,,,,,,,,,,,,,,,,MCM,GA,IE-3000-8TC,2020-06-30,2025-06-30,Yes,IE-3300-8P2S-E,4937.640000000001,1790.0,3557.53,31.213901,-81.546374,Glynn,FO-GA-SE-HINESVILLE-BRUNSWICK,GPC,True,Decommissioned site,2025-06-30,-244.0
GAMCMSWFRONTSECGATE01,158.133.80.138,Switch,Active,Cisco,IE-3000-8TC,QCH3873Y7H5,27.2(4)EA7,Bootstrap,1.0,18.0,17.0,0d:0h:5m:0s,Jan-23-26 01:01:54,Jan-23-26 01:01:54,Configuration unchanged,Switch,,,,,,,,,,,,,,,,,,,,,,,,,,,,,,,,,,,,,,,,,,,,,,,,,,,,,,,,,,,,,,,,,,,,,,MCM,GA,IE-3000-8TC,2020-06-30,2025-06-30,Yes,IE-3300-8P2S-E,4937.640000000001,1790.0,3557.53,31.213901,-81.546374,Glynn,FO-GA-SE-HINESVILLE-BRUNSWICK,GPC,True,Decommissioned site,2025-06-30,-244.0
GAMCMSW0301,158.133.80.130,Switch,Active,Cisco,WS-C2960CX-8PC-L,QOC3539LDGB,27.2(7)E7,Bootstrap,1.0,12.0,11.0,0d:0h:3m:0s,Jan-23-26 02:07:50,Jan-23-26 02:07:50,Configuration unchanged,Switch,,,,,,,,,,,,,,,,,,,,,,,,,,,,,,,,,,,,,,,,,,,,,,,,,,,,,,,,,,,,,,,,,,,,,,MCM,GA,WS-C2960CX-8PC-L,2024-04-30,2029-04-30,,,108.0,1540.0,,31.213901,-81.546374,Glynn,FO-GA-SE-HINESVILLE-BRUNSWICK,GPC,True,Decommissioned site,2029-04-30,1156.0
GAMCMSW0501,158.133.80.138,L3Switch,Active,Cisco,C9200-48P,QOC3538588X,27.09.07,37.9.3r [FC33],2.0,58.0,56.0, ,Jan-23-26 02:01:57,Jan-23-26 02:01:57,Configuration unchanged,Switch,,,,,,,,,,,,,,,,,,,,,,,,,,,,,,,,,,,,,,,,,,,,,,,,,,,,,,,,,,,,,,,,,,,,,,MCM,GA,C9200-48P,,,,,0.0,0.0,,31.213901,-81.546374,Glynn,FO-GA-SE-HINESVILLE-BRUNSWICK,GPC,True,Decommissioned site,,
GAMCMROVG02,158.133.80.138,Router,Active,Cisco,VG224,QTX7533ZN3M,27.2(4)M9,37.4(33r)T7,1.0,26.0,25.0,238d:19h:12m:0s,Jan-23-26 02:13:03,Jan-23-26 02:13:03,Configuration unchanged,Router,,,,,,,,,,,,,,,,,,,,,,,,,,,,,,,,,,,,,,,,,,,,,,,,,,,,,,,,,,,,,,,,,,,,,,MCM,GA,VG224,2015-04-24,2020-04-30,Yes,VG410-24FXS,4015.584,770.0,3256.32,31.213901,-81.546374,Glynn,FO-GA-SE-HINESVILLE-BRUNSWICK,GPC,True,Decommissioned site,2020-04-30,-2131.0
GAMCMSWGENPEEC01,158.133.80.150,Switch,Active,Cisco,IE-3000-8TC,QOC7883W3RW,27.2(4)EA9,Bootstrap,1.0,10.0,9.0,0d:0h:3m:0s,Jan-23-26 02:12:16,Jan-23-26 02:12:16,Configuration unchanged,Switch,,,,,,,,,,,,,,,,,,,,,,,,,,,,,,,,,,,,,,,,,,,,,,,,,,,,,,,,,,,,,,,,,,,,,,MCM,GA,IE-3000-8TC,2020-06-30,2025-06-30,Yes,IE-3300-8P2S-E,4937.640000000001,1790.0,3557.53,31.213901,-81.546374,Glynn,FO-GA-SE-HINESVILLE-BRUNSWICK,GPC,True,Decommissioned site,2025-06-30,-244.0
GAMCMEMRBLDGSE01,158.133.80.152,Switch,Active,Cisco,WS-C2960CX-8PC-L,QOC3539L8YS,27.2(7)E7,Bootstrap,1.0,12.0,11.0,0d:0h:3m:0s,Jan-23-26 02:16:09,Jan-23-26 02:16:09,Configuration unchanged,Switch,,,,,,,,,,,,,,,,,,,,,,,,,,,,,,,,,,,,,,,,,,,,,,,,,,,,,,,,,,,,,,,,,,,,,,MCM,GA,WS-C2960CX-8PC-L,2024-04-30,2029-04-30,,,108.0,1540.0,,31.213901,-81.546374,Glynn,FO-GA-SE-HINESVILLE-BRUNSWICK,GPC,True,Decommissioned site,2029-04-30,1156.0
GAMCMSW0101,158.133.80.150,L3Switch,Active,Cisco,C9200-48P,QOC353859RG,27.09.07,37.9.3r [FC33],2.0,58.0,56.0,1d:21h:32m:0s,Jan-09-26 00:06:33,Jan-23-26 04:58:20,Problem accessing device,Switch,,,,,,,,,,,,,,,,,,,,,,,,,,,,,,,,,,,,,,,,,,,,,,,,,,,,,,,,,,,,,,,,,,,,,,MCM,GA,C9200-48P,,,,,0.0,0.0,,31.213901,-81.546374,Glynn,FO-GA-SE-HINESVILLE-BRUNSWICK,GPC,True,Decommissioned site,,
GAMCMROVG03,158.133.80.158,Router,Active,Cisco,VG202XM,QCH7888S7LD,27.4(3)M2,37.4(70r)YA7,1.0,4.0,3.0,371d:0h:27m:0s,Jan-23-26 02:03:36,Jan-23-26 02:03:36,Configuration unchanged,Router,,,,,,,,,,,,,,,,,,,,,,,,,,,,,,,,,,,,,,,,,,,,,,,,,,,,,,,,,,,,,,,,,,,,,,MCM,GA,VG202XM,2022-04-29,2027-04-30,Yes,VG400-8FXS,2393.976,770.0,1904.98,31.213901,-81.546374,Glynn,FO-GA-SE-HINESVILLE-BRUNSWICK,GPC,True,Decommissioned site,2027-04-30,425.0
MSREDROWN01,158.158.53.1,Router,Active,Cisco,ISR4431/K9,QKC38377S33,27.09.03a,37.3.3,0.0,7.0,7.0, ,Jan-23-26 02:24:36,Jan-23-26 02:24:36,Configuration unchanged,Router,,,,,,,,,,,,,,,,,,,,,,,,,,,,,,,,,,,,,,,,,,,,,,,,,,,,,,,,,,,,,,,,,,,,,,RED,MS,ISR4431/K9,2023-11-07,2028-11-30,Yes,C8300-1N1S-6T,12421.116,2060.0,5243.73,33.37721,-89.212273,Choctaw,FO-MS-O-NORTH,MPC,True,Decommissioned site,2028-11-30,1005.0
MSPSWROWN01A,158.158.80.15,Router,Active,Cisco,ISR4331/K9,QLM355777MU,27.09.03a,37.3.7,2.0,5.0,3.0, ,Jan-23-26 02:23:49,Jan-23-26 02:23:49,Configuration unchanged,Router,,,,,,,,,,,,,,,,,,,,,,,,,,,,,,,,,,,,,,,,,,,,,,,,,,,,,,,,,,,,,,,,,,,,,,PSW,MS,ISR4331/K9,2023-11-07,2028-11-30,Yes,C8300-1N1S-6T,12421.116,2060.0,5243.73,32.293026,-88.744847,Lauderdale,FO-MS-O-NORTH,MPC,True,Decommissioned site,2028-11-30,1005.0
GAMCMROWN02,158.188.188.80,Router,Active,Cisco,ISR4431/K9,QKC387377L5,27.09.03a,37.3.3,2.0,198.0,196.0,1d:21h:49m:0s,Jan-23-26 02:34:49,Jan-23-26 02:34:49,Configuration unchanged,Router,,,,,,,,,,,,,,,,,,,,,,,,,,,,,,,,,,,,,,,,,,,,,,,,,,,,,,,,,,,,,,,,,,,,,,MCM,GA,ISR4431/K9,2023-11-07,2028-11-30,Yes,C8300-1N1S-6T,12421.116,2060.0,5243.73,31.213901,-81.546374,Glynn,FO-GA-SE-HINESVILLE-BRUNSWICK,GPC,True,Decommissioned site,2028-11-30,1005.0
GAXAGAP1217,,,,,,,,,,,,,,,,,20.5.25.25,Supported,,,Unified AP,qq8q12qa-959a-7786-q211-71181119dt77,5q1a81e77813d2118958a652,qq8q12qa-959a-7786-q211-71181119dt77,0,,,,2026-02-23 07:48:05,1771832885398,0,,,,ec:01:d5:d6:e9:00,0.0,Managed,,0,AIR-AP2802I-B-K9,,Reachable,,,ACCESS,AUTO,UZZ262433BD,Cisco 2800I Series Unified Access Points,,,87.2.5.47,,0.0,,Cisco 2800I Unified Access Point,"666 days, 12:39:44.430",57603207,,,,,,,,,,,,,,,,,,,,,,,,,,,,,XAG,GA,,,,,,,,,33.780909,-84.387112,Fulton,FO-GASCORP-GAS CORP HQ BLT HUB,SOGAS,True,Decommissioned site,,
GAXAGAP1218,,,,,,,,,,,,,,,,,20.5.25.25,Supported,,,Unified AP,ad8ddeq7-92a7-77a5-a2qt-213775d7ae77,5q1a81e77813d2118958a652,ad8ddeq7-92a7-77a5-a2qt-213775d7ae77,0,,,,2026-02-23 07:48:05,1771832885398,0,,,,ec:01:d5:d6:3c:c0,0.0,Managed,,0,AIR-AP2802I-B-K9,,Reachable,,,ACCESS,AUTO,UZZ262433AK,Cisco 2800I Series Unified Access Points,,,87.2.5.47,,0.0,,Cisco 2800I Unified Access Point,"64 days, 12:41:42.430",5590525,,,,,,,,,,,,,,,,,,,,,,,,,,,,,XAG,GA,,,,,,,,,33.780909,-84.387112,Fulton,FO-GASCORP-GAS CORP HQ BLT HUB,SOGAS,True,Decommissioned site,,
GAXAGAP1111,,,,,,,,,,,,,,,,,20.5.25.25,Supported,,,Unified AP,7173e729-1297-76a5-aqa7-17eqa881d25t,5q1a81e77813d2118958a652,7173e729-1297-76a5-aqa7-17eqa881d25t,0,,,,2026-02-23 07:48:05,1771832885398,0,,,,ec:01:d5:d5:df:00,0.0,Managed,,0,AIR-AP2802I-B-K9,,Reachable,,,ACCESS,AUTO,UZZ2624333T,Cisco 2800I Series Unified Access Points,,,87.2.5.47,,0.0,,Cisco 2800I Unified Access Point,"8 days, 15:33:15.430",762418,,,,,,,,,,,,,,,,,,,,,,,,,,,,,XAG,GA,,,,,,,,,33.780909,-84.387112,Fulton,FO-GASCORP-GAS CORP HQ BLT HUB,SOGAS,True,Decommissioned site,,
GAXAGAP1211,,,,,,,,,,,,,,,,,20.5.25.25,Supported,,,Unified AP,117t9137-665t-7353-9et1-9qda16atda5q,5q1a81e77813d2118958a652,117t9137-665t-7353-9et1-9qda16atda5q,0,,,,2026-02-23 07:48:05,1771832885398,0,,,,ec:01:d5:d6:e0:e0,0.0,Managed,,0,AIR-AP2802I-B-K9,,Reachable,,,ACCESS,AUTO,UZZ26243323,Cisco 2800I Series Unified Access Points,,,87.2.5.47,,0.0,,Cisco 2800I Unified Access Point,"666 days, 12:57:20.430",57604263,,,,,,,,,,,,,,,,,,,,,,,,,,,,,XAG,GA,,,,,,,,,33.780909,-84.387112,Fulton,FO-GASCORP-GAS CORP HQ BLT HUB,SOGAS,True,Decommissioned site,,
GAXAGAP1212,,,,,,,,,,,,,,,,,20.5.25.25,Supported,,,Unified AP,t795dtq1-e5d6-72a1-q177-67etaeeddd1e,5q1a81e77813d2118958a652,t795dtq1-e5d6-72a1-q177-67etaeeddd1e,0,,,,2026-02-23 07:48:05,1771832885398,0,,,,ec:01:d5:d7:qe:60,0.0,Managed,,0,AIR-AP2802I-B-K9,,Reachable,,,ACCESS,AUTO,UZZ2624332N,Cisco 2800I Series Unified Access Points,,,87.2.5.47,,0.0,,Cisco 2800I Unified Access Point,"666 days, 12:57:42.430",57604285,,,,,,,,,,,,,,,,,,,,,,,,,,,,,XAG,GA,,,,,,,,,33.780909,-84.387112,Fulton,FO-GASCORP-GAS CORP HQ BLT HUB,SOGAS,True,Decommissioned site,,
GAXAGAP1213,,,,,,,,,,,,,,,,,20.5.25.25,Supported,,,Unified AP,e17dq5qe-3ded-7199-q27q-at11ta9a9312,5q1a81e77813d2118958a652,e17dq5qe-3ded-7199-q27q-at11ta9a9312,0,,,,2026-02-23 07:48:05,1771832885398,0,,,,ec:01:d5:d6:52:a0,0.0,Managed,,0,AIR-AP2802I-B-K9,,Reachable,,,ACCESS,AUTO,UZZ26243325,Cisco 2800I Series Unified Access Points,,,87.2.5.47,,0.0,,Cisco 2800I Unified Access Point,"66 days, 11:12:36.430",5757979,,,,,,,,,,,,,,,,,,,,,,,,,,,,,XAG,GA,,,,,,,,,33.780909,-84.387112,Fulton,FO-GASCORP-GAS CORP HQ BLT HUB,SOGAS,True,Decommissioned site,,
GAXAGAP1214,,,,,,,,,,,,,,,,,20.5.25.25,Supported,,,Unified AP,tda7a7a9-8aeq-7qa7-9e55-1t183aq53865,5q1a81e77813d2118958a652,tda7a7a9-8aeq-7qa7-9e55-1t183aq53865,0,,,,2026-02-23 07:48:05,1771832885398,0,,,,ec:01:d5:d5:cc:c0,0.0,Managed,,0,AIR-AP2802I-B-K9,,Reachable,,,ACCESS,AUTO,UZZ262433AW,Cisco 2800I Series Unified Access Points,,,87.2.5.47,,0.0,,Cisco 2800I Unified Access Point,"666 days, 12:56:40.430",57604223,,,,,,,,,,,,,,,,,,,,,,,,,,,,,XAG,GA,,,,,,,,,33.780909,-84.387112,Fulton,FO-GASCORP-GAS CORP HQ BLT HUB,SOGAS,True,Decommissioned site,,
GAXAGAP1216,,,,,,,,,,,,,,,,,20.5.25.25,Supported,,,Unified AP,988ad8ea-8a73-7a92-q83t-q71e72185811,5q1a81e77813d2118958a652,988ad8ea-8a73-7a92-q83t-q71e72185811,0,,,,2026-02-23 07:48:05,1771832885398,0,,,,ec:01:d5:d7:53:20,0.0,Managed,,0,AIR-AP2802I-B-K9,,Reachable,,,ACCESS,AUTO,UZZ262433AE,Cisco 2800I Series Unified Access Points,,,87.2.5.47,,0.0,,Cisco 2800I Unified Access Point,"666 days, 12:57:09.430",57604252,,,,,,,,,,,,,,,,,,,,,,,,,,,,,XAG,GA,,,,,,,,,33.780909,-84.387112,Fulton,FO-GASCORP-GAS CORP HQ BLT HUB,SOGAS,True,Decommissioned site,,
GAXAGAP13,,,,,,,,,,,,,,,,,20.5.25.25,Supported,,Could Not Synchronize,Unified AP,8q7991q1-a118-7a9a-a818-q69a296q1a72,5q1a81e77813d2118958a652,8q7991q1-a118-7a9a-a818-q69a296q1a72,0,,,,2026-02-23 07:48:05,1771832885398,0,,,,50:0f:80:q2:q6:80,0.0,Managed,,0,AIR-CAP2702I-B-K9,,Unreachable,,,ACCESS,AUTO,UZW2323ZBSS,Cisco 2700I Series Unified Access Points,,,87.2.4.27,,0.0,,Cisco 2700I Unified Access Point,"97 days, 06:30:13.900",-1,,,,,,,,,,,,,,,,,,,,,,,,,,,,,XAG,GA,,,,,,,,,33.780909,-84.387112,Fulton,FO-GASCORP-GAS CORP HQ BLT HUB,SOGAS,True,Decommissioned site,,
GAXAGAP13,,,,,,,,,,,,,,,,,20.5.25.25,Supported,,,Unified AP,qa99679a-eq66-7556-a353-72a618a29783,5q1a81e77813d2118958a652,qa99679a-eq66-7556-a353-72a618a29783,0,,,,2026-02-23 07:48:05,1771832885398,0,,,,32:5d:a8:1f:cd:a0,0.0,Managed,,0,AIR-AP2802I-B-K9,,Reachable,,,ACCESS,AUTO,UZZ26503NUB,Cisco 2800I Series Unified Access Points,,,87.2.5.47,,0.0,,Cisco 2800I Unified Access Point,"2 days, 20:02:34.430",260177,,,,,,,,,,,,,,,,,,,,,,,,,,,,,XAG,GA,,,,,,,,,33.780909,-84.387112,Fulton,FO-GASCORP-GAS CORP HQ BLT HUB,SOGAS,True,Decommissioned site,,
GAXAGAP1311,,,,,,,,,,,,,,,,,20.5.25.25,Supported,,,Unified AP,9q579367-65q1-771e-a616-25qq2q79ea6a,5q1a81e77813d2118958a652,9q579367-65q1-771e-a616-25qq2q79ea6a,0,,,,2026-02-23 07:48:05,1771832885398,0,,,,ec:01:d5:d6:2c:20,0.0,Managed,,0,AIR-AP2802I-B-K9,,Reachable,,,ACCESS,AUTO,UZZ262433BZ,Cisco 2800I Series Unified Access Points,,,87.2.5.47,,0.0,,Cisco 2800I Unified Access Point,"666 days, 12:57:05.430",57604248,,,,,,,,,,,,,,,,,,,,,,,,,,,,,XAG,GA,,,,,,,,,33.780909,-84.387112,Fulton,FO-GASCORP-GAS CORP HQ BLT HUB,SOGAS,True,Decommissioned site,,
GAXAGAP1411,,,,,,,,,,,,,,,,,20.5.25.25,Supported,,,Unified AP,5a1517de-3161-7385-qa1a-q285taa8715a,5q1a81e77813d2118958a652,5a1517de-3161-7385-qa1a-q285taa8715a,0,,,,2026-02-23 07:48:05,1771832885398,0,,,,ec:01:d5:d7:a7:00,0.0,Managed,,0,AIR-AP2802I-B-K9,,Reachable,,,ACCESS,AUTO,UZZ262433AV,Cisco 2800I Series Unified Access Points,,,87.2.5.47,,0.0,,Cisco 2800I Unified Access Point,"459 days, 08:08:27.430",39702130,,,,,,,,,,,,,,,,,,,,,,,,,,,,,XAG,GA,,,,,,,,,33.780909,-84.387112,Fulton,FO-GASCORP-GAS CORP HQ BLT HUB,SOGAS,True,Decommissioned site,,
GAXAGAP1412,,,,,,,,,,,,,,,,,20.5.25.25,Supported,,,Unified AP,1q2287q2-8a18-7e78-qe69-2t1eaee579a2,5q1a81e77813d2118958a652,1q2287q2-8a18-7e78-qe69-2t1eaee579a2,0,,,,2026-02-23 07:48:05,1771832885398,0,,,,ec:01:d5:d5:eq:a0,0.0,Managed,,0,AIR-AP2802I-B-K9,,Reachable,,,ACCESS,AUTO,UZZ262433BS,Cisco 2800I Series Unified Access Points,,,87.2.5.47,,0.0,,Cisco 2800I Unified Access Point,"415 days, 05:44:50.430",35891913,,,,,,,,,,,,,,,,,,,,,,,,,,,,,XAG,GA,,,,,,,,,33.780909,-84.387112,Fulton,FO-GASCORP-GAS CORP HQ BLT HUB,SOGAS,True,Decommissioned site,,
GAXAGAP1413,,,,,,,,,,,,,,,,,20.5.25.25,Supported,,,Unified AP,13757d5a-21ta-7qq6-ae1q-t761d81da61a,5q1a81e77813d2118958a652,13757d5a-21ta-7qq6-ae1q-t761d81da61a,0,,,,2026-02-23 07:48:05,1771832885398,0,,,,ec:01:d5:d6:22:e0,0.0,Managed,,0,AIR-AP2802I-B-K9,,Reachable,,,ACCESS,AUTO,UZZ262433AL,Cisco 2800I Series Unified Access Points,,,87.2.5.47,,0.0,,Cisco 2800I Unified Access Point,"666 days, 12:57:59.430",57604302,,,,,,,,,,,,,,,,,,,,,,,,,,,,,XAG,GA,,,,,,,,,33.780909,-84.387112,Fulton,FO-GASCORP-GAS CORP HQ BLT HUB,SOGAS,True,Decommissioned site,,
GAXAGAP1414,,,,,,,,,,,,,,,,,20.5.25.25,Supported,,,Unified AP,7711261a-371q-776t-93a6-e121aa6a8928,5q1a81e77813d2118958a652,7711261a-371q-776t-93a6-e121aa6a8928,0,,,,2026-02-23 07:48:05,1771832885398,0,,,,ec:01:d5:d6:29:e0,0.0,Managed,,0,AIR-AP2802I-B-K9,,Reachable,,,ACCESS,AUTO,UZZ262433AD,Cisco 2800I Series Unified Access Points,,,87.2.5.47,,0.0,,Cisco 2800I Unified Access Point,"666 days, 12:58:04.430",57604307,,,,,,,,,,,,,,,,,,,,,,,,,,,,,XAG,GA,,,,,,,,,33.780909,-84.387112,Fulton,FO-GASCORP-GAS CORP HQ BLT HUB,SOGAS,True,Decommissioned site,,
GAXAGAP1511,,,,,,,,,,,,,,,,,20.5.25.25,Supported,,,Unified AP,8d772dee-2776-77q1-ad5a-dq91991a3675,5q1a81e77813d2118958a652,8d772dee-2776-77q1-ad5a-dq91991a3675,0,,,,2026-02-23 07:48:05,1771832885398,0,,,,ec:01:d5:d2:27:00,0.0,Managed,,0,AIR-AP2802I-B-K9,,Reachable,,,ACCESS,AUTO,UZZ262433AU,Cisco 2800I Series Unified Access Points,,,87.2.5.47,,0.0,,Cisco 2800I Unified Access Point,"666 days, 12:58:06.430",57604309,,,,,,,,,,,,,,,,,,,,,,,,,,,,,XAG,GA,,,,,,,,,33.780909,-84.387112,Fulton,FO-GASCORP-GAS CORP HQ BLT HUB,SOGAS,True,Decommissioned site,,
GAXAGAP1512,,,,,,,,,,,,,,,,,20.5.25.25,Supported,,,Unified AP,q77a9161-6t2d-7td3-8551-e37q51e1e36a,5q1a81e77813d2118958a652,q77a9161-6t2d-7td3-8551-e37q51e1e36a,0,,,,2026-02-23 07:48:05,1771832885398,0,,,,ec:01:d5:d7:c2:20,0.0,Managed,,0,AIR-AP2802I-B-K9,,Reachable,,,ACCESS,AUTO,UZZ26243323,Cisco 2800I Series Unified Access Points,,,87.2.5.47,,0.0,,Cisco 2800I Unified Access Point,"165 days, 03:15:03.430",14282926,,,,,,,,,,,,,,,,,,,,,,,,,,,,,XAG,GA,,,,,,,,,33.780909,-84.387112,Fulton,FO-GASCORP-GAS CORP HQ BLT HUB,SOGAS,True,Decommissioned site,,
GAXAGAP1513,,,,,,,,,,,,,,,,,20.5.25.25,Supported,,,Unified AP,a1t5ee51-7da9-7t77-a83a-9ae376831633,5q1a81e77813d2118958a652,a1t5ee51-7da9-7t77-a83a-9ae376831633,0,,,,2026-02-23 07:48:05,1771832885398,0,,,,ec:01:d5:d6:d0:c0,0.0,Managed,,0,AIR-AP2802I-B-K9,,Reachable,,,ACCESS,AUTO,UZZ262433BQ,Cisco 2800I Series Unified Access Points,,,87.2.5.47,,0.0,,Cisco 2800I Unified Access Point,"666 days, 12:57:58.430",57604301,,,,,,,,,,,,,,,,,,,,,,,,,,,,,XAG,GA,,,,,,,,,33.780909,-84.387112,Fulton,FO-GASCORP-GAS CORP HQ BLT HUB,SOGAS,True,Decommissioned site,,
GAXAGAP1612,,,,,,,,,,,,,,,,,20.5.25.25,Supported,,,Unified AP,a31ea583-63e1-7772-9da1-99a8157a7998,5q1a81e77813d2118958a652,a31ea583-63e1-7772-9da1-99a8157a7998,0,,,,2026-02-23 07:48:05,1771832885398,0,,,,ec:01:d5:d6:2a:c0,0.0,Managed,,0,AIR-AP2802I-B-K9,,Reachable,,,ACCESS,AUTO,UZZ2624332P,Cisco 2800I Series Unified Access Points,,,87.2.5.47,,0.0,,Cisco 2800I Unified Access Point,"415 days, 19:41:00.430",35942083,,,,,,,,,,,,,,,,,,,,,,,,,,,,,XAG,GA,,,,,,,,,33.780909,-84.387112,Fulton,FO-GASCORP-GAS CORP HQ BLT HUB,SOGAS,True,Decommissioned site,,
GAXAGAP1613,,,,,,,,,,,,,,,,,20.5.25.25,Supported,,,Unified AP,371783de-a6a2-75ed-a281-833qt7daq218,5q1a81e77813d2118958a652,371783de-a6a2-75ed-a281-833qt7daq218,0,,,,2026-02-23 07:48:05,1771832885398,0,,,,ec:01:d5:d6:3d:00,0.0,Managed,,0,AIR-AP2802I-B-K9,,Reachable,,,ACCESS,AUTO,UZZ262433A2,Cisco 2800I Series Unified Access Points,,,87.2.5.47,,0.0,,Cisco 2800I Unified Access Point,"666 days, 12:40:47.430",57603270,,,,,,,,,,,,,,,,,,,,,,,,,,,,,XAG,GA,,,,,,,,,33.780909,-84.387112,Fulton,FO-GASCORP-GAS CORP HQ BLT HUB,SOGAS,True,Decommissioned site,,
GAXAGAP1614,,,,,,,,,,,,,,,,,20.5.25.25,Supported,,,Unified AP,d17dd7e1-7td5-77d9-qae7-9a858ae92a6a,5q1a81e77813d2118958a652,d17dd7e1-7td5-77d9-qae7-9a858ae92a6a,0,,,,2026-02-23 07:48:05,1771832885398,0,,,,ec:01:d5:d5:6a:80,0.0,Managed,,0,AIR-AP2802I-B-K9,,Reachable,,,ACCESS,AUTO,UZZ26243320,Cisco 2800I Series Unified Access Points,,,87.2.5.47,,0.0,,Cisco 2800I Unified Access Point,"666 days, 12:41:33.430",57603316,,,,,,,,,,,,,,,,,,,,,,,,,,,,,XAG,GA,,,,,,,,,33.780909,-84.387112,Fulton,FO-GASCORP-GAS CORP HQ BLT HUB,SOGAS,True,Decommissioned site,,
GAXAGAP1711,,,,,,,,,,,,,,,,,20.5.25.25,Supported,,,Unified AP,928113ee-3q95-7d76-qatd-2a715a3et3a7,5q1a81e77813d2118958a652,928113ee-3q95-7d76-qatd-2a715a3et3a7,0,,,,2026-02-23 07:48:05,1771832885398,0,,,,ec:01:d5:d6:da:60,0.0,Managed,,0,AIR-AP2802I-B-K9,,Reachable,,,ACCESS,AUTO,UZZ262433BR,Cisco 2800I Series Unified Access Points,,,87.2.5.47,,0.0,,Cisco 2800I Unified Access Point,"666 days, 12:57:16.430",57604259,,,,,,,,,,,,,,,,,,,,,,,,,,,,,XAG,GA,,,,,,,,,33.780909,-84.387112,Fulton,FO-GASCORP-GAS CORP HQ BLT HUB,SOGAS,True,Decommissioned site,,
GAXAGAP1712,,,,,,,,,,,,,,,,,20.5.25.25,Supported,,,Unified AP,t1a21da6-2128-751t-qa71-d3ed58628353,5q1a81e77813d2118958a652,t1a21da6-2128-751t-qa71-d3ed58628353,0,,,,2026-02-23 07:48:05,1771832885398,0,,,,ec:01:d5:d5:f8:20,0.0,Managed,,0,AIR-AP2802I-B-K9,,Reachable,,,ACCESS,AUTO,UZZ2624333U,Cisco 2800I Series Unified Access Points,,,87.2.5.47,,0.0,,Cisco 2800I Unified Access Point,"666 days, 12:57:52.430",57604295,,,,,,,,,,,,,,,,,,,,,,,,,,,,,XAG,GA,,,,,,,,,33.780909,-84.387112,Fulton,FO-GASCORP-GAS CORP HQ BLT HUB,SOGAS,True,Decommissioned site,,
GAXAGAP1713,,,,,,,,,,,,,,,,,20.5.25.25,Supported,,,Unified AP,776e1t1a-ad1q-7776-96q7-a975371qq571,5q1a81e77813d2118958a652,776e1t1a-ad1q-7776-96q7-a975371qq571,0,,,,2026-02-23 07:48:05,1771832885398,0,,,,ec:01:d5:d7:ac:80,0.0,Managed,,0,AIR-AP2802I-B-K9,,Reachable,,,ACCESS,AUTO,UZZ262433AA,Cisco 2800I Series Unified Access Points,,,87.2.5.47,,0.0,,Cisco 2800I Unified Access Point,"429 days, 05:49:30.430",37101793,,,,,,,,,,,,,,,,,,,,,,,,,,,,,XAG,GA,,,,,,,,,33.780909,-84.387112,Fulton,FO-GASCORP-GAS CORP HQ BLT HUB,SOGAS,True,Decommissioned site,,
GAXAGAP1714,,,,,,,,,,,,,,,,,20.5.25.25,Supported,,,Unified AP,7td1et95-11a5-77q2-a126-61qqta27eq1a,5q1a81e77813d2118958a652,7td1et95-11a5-77q2-a126-61qqta27eq1a,0,,,,2026-02-23 07:48:05,1771832885398,0,,,,ec:01:d5:d6:29:20,0.0,Managed,,0,AIR-AP2802I-B-K9,,Reachable,,,ACCESS,AUTO,UZZ262433AX,Cisco 2800I Series Unified Access Points,,,87.2.5.47,,0.0,,Cisco 2800I Unified Access Point,"666 days, 12:57:39.430",57604282,,,,,,,,,,,,,,,,,,,,,,,,,,,,,XAG,GA,,,,,,,,,33.780909,-84.387112,Fulton,FO-GASCORP-GAS CORP HQ BLT HUB,SOGAS,True,Decommissioned site,,
GAXAGAP1811,,,,,,,,,,,,,,,,,20.5.25.25,Supported,,,Unified AP,379dq83a-e1a6-7q71-98ae-qd5tee1t12de,5q1a81e77813d2118958a652,379dq83a-e1a6-7q71-98ae-qd5tee1t12de,0,,,,2026-02-23 07:48:05,1771832885398,0,,,,ec:01:d5:d7:q6:00,0.0,Managed,,0,AIR-AP2802I-B-K9,,Reachable,,,ACCESS,AUTO,UZZ2624332U,Cisco 2800I Series Unified Access Points,,,87.2.5.47,,0.0,,Cisco 2800I Unified Access Point,"152 days, 20:33:42.430",13222045,,,,,,,,,,,,,,,,,,,,,,,,,,,,,XAG,GA,,,,,,,,,33.780909,-84.387112,Fulton,FO-GASCORP-GAS CORP HQ BLT HUB,SOGAS,True,Decommissioned site,,
GAXAGAP1812,,,,,,,,,,,,,,,,,20.5.25.25,Supported,,,Unified AP,7da935e3-18e7-736t-856a-1891815aea19,5q1a81e77813d2118958a652,7da935e3-18e7-736t-856a-1891815aea19,0,,,,2026-02-23 07:48:05,1771832885398,0,,,,ec:01:d5:d7:q8:20,0.0,Managed,,0,AIR-AP2802I-B-K9,,Reachable,,,ACCESS,AUTO,UZZ2624332A,Cisco 2800I Series Unified Access Points,,,87.2.5.47,,0.0,,Cisco 2800I Unified Access Point,"666 days, 12:58:07.430",57604310,,,,,,,,,,,,,,,,,,,,,,,,,,,,,XAG,GA,,,,,,,,,33.780909,-84.387112,Fulton,FO-GASCORP-GAS CORP HQ BLT HUB,SOGAS,True,Decommissioned site,,
GAXAGAP1813,,,,,,,,,,,,,,,,,20.5.25.25,Supported,,,Unified AP,53q8a9te-5aa3-7q86-9998-aee77e18931a,5q1a81e77813d2118958a652,53q8a9te-5aa3-7q86-9998-aee77e18931a,0,,,,2026-02-23 07:48:05,1771832885398,0,,,,ec:01:d5:d6:22:20,0.0,Managed,,0,AIR-AP2802I-B-K9,,Reachable,,,ACCESS,AUTO,UZZ2624333R,Cisco 2800I Series Unified Access Points,,,87.2.5.47,,0.0,,Cisco 2800I Unified Access Point,"666 days, 12:57:11.430",57604254,,,,,,,,,,,,,,,,,,,,,,,,,,,,,XAG,GA,,,,,,,,,33.780909,-84.387112,Fulton,FO-GASCORP-GAS CORP HQ BLT HUB,SOGAS,True,Decommissioned site,,
GAXAGAP1814,,,,,,,,,,,,,,,,,20.5.25.25,Supported,,,Unified AP,2qtd166a-6265-7aa9-9711-q77876ad6811,5q1a81e77813d2118958a652,2qtd166a-6265-7aa9-9711-q77876ad6811,0,,,,2026-02-23 07:48:05,1771832885398,0,,,,32:5d:a8:1f:32:a0,0.0,Managed,,0,AIR-AP2802I-B-K9,,Reachable,,,ACCESS,AUTO,UZZ26503NKM,Cisco 2800I Series Unified Access Points,,,87.2.5.47,,0.0,,Cisco 2800I Unified Access Point,"88 days, 14:10:20.430",7669443,,,,,,,,,,,,,,,,,,,,,,,,,,,,,XAG,GA,,,,,,,,,33.780909,-84.387112,Fulton,FO-GASCORP-GAS CORP HQ BLT HUB,SOGAS,True,Decommissioned site,,
GAXAGAP1911,,,,,,,,,,,,,,,,,20.5.25.25,Supported,,,Unified AP,18716t8q-7aad-71ee-8761-77e71t1ded71,5q1a81e77813d2118958a652,18716t8q-7aad-71ee-8761-77e71t1ded71,0,,,,2026-02-23 07:48:05,1771832885398,0,,,,ec:01:d5:d7:c2:e0,0.0,Managed,,0,AIR-AP2802I-B-K9,,Reachable,,,ACCESS,AUTO,UZZ2624332Z,Cisco 2800I Series Unified Access Points,,,87.2.5.47,,0.0,,Cisco 2800I Unified Access Point,"666 days, 12:57:40.430",57604283,,,,,,,,,,,,,,,,,,,,,,,,,,,,,XAG,GA,,,,,,,,,33.780909,-84.387112,Fulton,FO-GASCORP-GAS CORP HQ BLT HUB,SOGAS,True,Decommissioned site,,
GAXAGAP1912,,,,,,,,,,,,,,,,,20.5.25.25,Supported,,,Unified AP,99et893d-dq78-7236-q528-5ee239ad8a17,5q1a81e77813d2118958a652,99et893d-dq78-7236-q528-5ee239ad8a17,0,,,,2026-02-23 07:48:05,1771832885398,0,,,,ec:01:d5:d6:3a:20,0.0,Managed,,0,AIR-AP2802I-B-K9,,Reachable,,,ACCESS,AUTO,UZZ262433B3,Cisco 2800I Series Unified Access Points,,,87.2.5.47,,0.0,,Cisco 2800I Unified Access Point,"64 days, 12:41:42.430",5590525,,,,,,,,,,,,,,,,,,,,,,,,,,,,,XAG,GA,,,,,,,,,33.780909,-84.387112,Fulton,FO-GASCORP-GAS CORP HQ BLT HUB,SOGAS,True,Decommissioned site,,
GAXAGAP1913,,,,,,,,,,,,,,,,,20.5.25.25,Supported,,,Unified AP,a1a15e9a-115d-71a3-878q-5e1a2a186931,5q1a81e77813d2118958a652,a1a15e9a-115d-71a3-878q-5e1a2a186931,0,,,,2026-02-23 07:48:05,1771832885398,0,,,,ec:01:d5:d5:ed:20,0.0,Managed,,0,AIR-AP2802I-B-K9,,Reachable,,,ACCESS,AUTO,UZZ2624333W,Cisco 2800I Series Unified Access Points,,,87.2.5.47,,0.0,,Cisco 2800I Unified Access Point,"666 days, 12:57:50.430",57604293,,,,,,,,,,,,,,,,,,,,,,,,,,,,,XAG,GA,,,,,,,,,33.780909,-84.387112,Fulton,FO-GASCORP-GAS CORP HQ BLT HUB,SOGAS,True,Decommissioned site,,
GAXAGAP1915,,,,,,,,,,,,,,,,,20.5.25.25,Supported,,,Unified AP,eate75aa-139d-71ta-q932-aeatq55t1t3a,5q1a81e77813d2118958a652,eate75aa-139d-71ta-q932-aeatq55t1t3a,0,,,,2026-02-23 07:48:05,1771832885398,0,,,,10:a8:29:a2:99:00,0.0,Managed,,0,AIR-AP2802I-B-K9,,Reachable,,,ACCESS,AUTO,UZZ26503Z3V,Cisco 2800I Series Unified Access Points,,,87.2.5.47,,0.0,,Cisco 2800I Unified Access Point,"666 days, 12:57:58.430",57604301,,,,,,,,,,,,,,,,,,,,,,,,,,,,,XAG,GA,,,,,,,,,33.780909,-84.387112,Fulton,FO-GASCORP-GAS CORP HQ BLT HUB,SOGAS,True,Decommissioned site,,
GAXAGAP1111,,,,,,,,,,,,,,,,,20.5.25.25,Supported,,,Unified AP,83725ed3-d2a1-7da1-q39e-5118a7ea171d,5q1a81e77813d2118958a652,83725ed3-d2a1-7da1-q39e-5118a7ea171d,0,,,,2026-02-23 07:48:05,1771832885398,0,,,,ec:01:d5:d7:c2:20,0.0,Managed,,0,AIR-AP2802I-B-K9,,Reachable,,,ACCESS,AUTO,UZZ26243327,Cisco 2800I Series Unified Access Points,,,87.2.5.47,,0.0,,Cisco 2800I Unified Access Point,"666 days, 12:57:44.430",57604287,,,,,,,,,,,,,,,,,,,,,,,,,,,,,XAG,GA,,,,,,,,,33.780909,-84.387112,Fulton,FO-GASCORP-GAS CORP HQ BLT HUB,SOGAS,True,Decommissioned site,,
GAXAGAP1112,,,,,,,,,,,,,,,,,20.5.25.25,Supported,,,Unified AP,a9213aet-at55-71qa-9829-a2aqa9dateqa,5q1a81e77813d2118958a652,a9213aet-at55-71qa-9829-a2aqa9dateqa,0,,,,2026-02-23 07:48:05,1771832885398,0,,,,ec:01:d5:d6:2f:60,0.0,Managed,,0,AIR-AP2802I-B-K9,,Reachable,,,ACCESS,AUTO,UZZ262433B3,Cisco 2800I Series Unified Access Points,,,87.2.5.47,,0.0,,Cisco 2800I Unified Access Point,"666 days, 12:57:37.430",57604280,,,,,,,,,,,,,,,,,,,,,,,,,,,,,XAG,GA,,,,,,,,,33.780909,-84.387112,Fulton,FO-GASCORP-GAS CORP HQ BLT HUB,SOGAS,True,Decommissioned site,,
GAXAGAP1113,,,,,,,,,,,,,,,,,20.5.25.25,Supported,,,Unified AP,dtaa7172-d92d-7117-97a9-8ae189d9a81q,5q1a81e77813d2118958a652,dtaa7172-d92d-7117-97a9-8ae189d9a81q,0,,,,2026-02-23 07:48:05,1771832885398,0,,,,ec:01:d5:d7:a2:a0,0.0,Managed,,0,AIR-AP2802I-B-K9,,Reachable,,,ACCESS,AUTO,UZZ2624332T,Cisco 2800I Series Unified Access Points,,,87.2.5.47,,0.0,,Cisco 2800I Unified Access Point,"666 days, 12:57:31.430",57604274,,,,,,,,,,,,,,,,,,,,,,,,,,,,,XAG,GA,,,,,,,,,33.780909,-84.387112,Fulton,FO-GASCORP-GAS CORP HQ BLT HUB,SOGAS,True,Decommissioned site,,
GAXAGAP1111,,,,,,,,,,,,,,,,,20.5.25.25,Supported,,,Unified AP,629a7da1-3721-7286-a9ta-qt816t8a76a8,5q1a81e77813d2118958a652,629a7da1-3721-7286-a9ta-qt816t8a76a8,0,,,,2026-02-23 07:48:05,1771832885398,0,,,,ec:01:d5:d2:30:80,0.0,Managed,,0,AIR-AP2802I-B-K9,,Reachable,,,ACCESS,AUTO,UZZ262433SW,Cisco 2800I Series Unified Access Points,,,87.2.5.47,,0.0,,Cisco 2800I Unified Access Point,"666 days, 12:57:47.430",57604290,,,,,,,,,,,,,,,,,,,,,,,,,,,,,XAG,GA,,,,,,,,,33.780909,-84.387112,Fulton,FO-GASCORP-GAS CORP HQ BLT HUB,SOGAS,True,Decommissioned site,,
GAXAGAP1112,,,,,,,,,,,,,,,,,20.5.25.25,Supported,,,Unified AP,1a95818e-9t75-7d7q-a8a7-558q179aa372,5q1a81e77813d2118958a652,1a95818e-9t75-7d7q-a8a7-558q179aa372,0,,,,2026-02-23 07:48:05,1771832885398,0,,,,ec:01:d5:d6:51:e0,0.0,Managed,,0,AIR-AP2802I-B-K9,,Reachable,,,ACCESS,AUTO,UZZ26243323,Cisco 2800I Series Unified Access Points,,,87.2.5.47,,0.0,,Cisco 2800I Unified Access Point,"666 days, 12:57:59.430",57604302,,,,,,,,,,,,,,,,,,,,,,,,,,,,,XAG,GA,,,,,,,,,33.780909,-84.387112,Fulton,FO-GASCORP-GAS CORP HQ BLT HUB,SOGAS,True,Decommissioned site,,
GAXAGAP1113,,,,,,,,,,,,,,,,,20.5.25.25,Supported,,,Unified AP,e7a1eq28-257q-7aaa-qa35-t5966aq6885a,5q1a81e77813d2118958a652,e7a1eq28-257q-7aaa-qa35-t5966aq6885a,0,,,,2026-02-23 07:48:05,1771832885398,0,,,,ec:01:d5:d6:dd:a0,0.0,Managed,,0,AIR-AP2802I-B-K9,,Reachable,,,ACCESS,AUTO,UZZ262433BV,Cisco 2800I Series Unified Access Points,,,87.2.5.47,,0.0,,Cisco 2800I Unified Access Point,"666 days, 12:57:39.430",57604282,,,,,,,,,,,,,,,,,,,,,,,,,,,,,XAG,GA,,,,,,,,,33.780909,-84.387112,Fulton,FO-GASCORP-GAS CORP HQ BLT HUB,SOGAS,True,Decommissioned site,,
GAXAGAP1211,,,,,,,,,,,,,,,,,20.5.25.25,Supported,,,Unified AP,q6163157-d87t-7987-9q13-9e76527259ed,5q1a81e77813d2118958a652,q6163157-d87t-7987-9q13-9e76527259ed,0,,,,2026-02-23 07:48:05,1771832885398,0,,,,ec:01:d5:d6:3d:c0,0.0,Managed,,0,AIR-AP2802I-B-K9,,Reachable,,,ACCESS,AUTO,UZZ262433BE,Cisco 2800I Series Unified Access Points,,,87.2.5.47,,0.0,,Cisco 2800I Unified Access Point,"666 days, 12:58:02.430",57604305,,,,,,,,,,,,,,,,,,,,,,,,,,,,,XAG,GA,,,,,,,,,33.780909,-84.387112,Fulton,FO-GASCORP-GAS CORP HQ BLT HUB,SOGAS,True,Decommissioned site,,
GAXAGAP1212,,,,,,,,,,,,,,,,,20.5.25.25,Supported,,,Unified AP,685t9d8q-388a-79ae-91a7-eee277q2at92,5q1a81e77813d2118958a652,685t9d8q-388a-79ae-91a7-eee277q2at92,0,,,,2026-02-23 07:48:05,1771832885398,0,,,,ec:01:d5:d6:37:60,0.0,Managed,,0,AIR-AP2802I-B-K9,,Reachable,,,ACCESS,AUTO,UZZ262433AQ,Cisco 2800I Series Unified Access Points,,,87.2.5.47,,0.0,,Cisco 2800I Unified Access Point,"666 days, 12:58:10.430",57604313,,,,,,,,,,,,,,,,,,,,,,,,,,,,,XAG,GA,,,,,,,,,33.780909,-84.387112,Fulton,FO-GASCORP-GAS CORP HQ BLT HUB,SOGAS,True,Decommissioned site,,
GAXAGAP1213,,,,,,,,,,,,,,,,,20.5.25.25,Supported,,,Unified AP,1e11q1a7-q8qd-7a3t-881q-7t9a9t53a5at,5q1a81e77813d2118958a652,1e11q1a7-q8qd-7a3t-881q-7t9a9t53a5at,0,,,,2026-02-23 07:48:05,1771832885398,0,,,,ec:01:d5:d6:22:60,0.0,Managed,,0,AIR-AP2802I-B-K9,,Reachable,,,ACCESS,AUTO,UZZ262433AM,Cisco 2800I Series Unified Access Points,,,87.2.5.47,,0.0,,Cisco 2800I Unified Access Point,"666 days, 12:57:57.430",57604300,,,,,,,,,,,,,,,,,,,,,,,,,,,,,XAG,GA,,,,,,,,,33.780909,-84.387112,Fulton,FO-GASCORP-GAS CORP HQ BLT HUB,SOGAS,True,Decommissioned site,,
GAXAGAP1411,,,,,,,,,,,,,,,,,20.5.25.25,Supported,,,Unified AP,t1a8e9da-6982-7at8-9839-dt572157te19,5q1a81e77813d2118958a652,t1a8e9da-6982-7at8-9839-dt572157te19,0,,,,2026-02-23 07:48:05,1771832885398,0,,,,ec:01:d5:d7:q2:60,0.0,Managed,,0,AIR-AP2802I-B-K9,,Reachable,,,ACCESS,AUTO,UZZ2624332V,Cisco 2800I Series Unified Access Points,,,87.2.5.47,,0.0,,Cisco 2800I Unified Access Point,"110 days, 04:12:22.430",9534365,,,,,,,,,,,,,,,,,,,,,,,,,,,,,XAG,GA,,,,,,,,,33.780909,-84.387112,Fulton,FO-GASCORP-GAS CORP HQ BLT HUB,SOGAS,True,Decommissioned site,,
GAXAGAP1412,,,,,,,,,,,,,,,,,20.5.25.25,Supported,,,Unified AP,1tee1638-6eqq-7qa8-9a72-589281e15737,5q1a81e77813d2118958a652,1tee1638-6eqq-7qa8-9a72-589281e15737,0,,,,2026-02-23 07:48:05,1771832885398,0,,,,ec:01:d5:d7:q2:80,0.0,Managed,,0,AIR-AP2802I-B-K9,,Reachable,,,ACCESS,AUTO,UZZ262433A3,Cisco 2800I Series Unified Access Points,,,87.2.5.47,,0.0,,Cisco 2800I Unified Access Point,"666 days, 12:57:39.430",57604282,,,,,,,,,,,,,,,,,,,,,,,,,,,,,XAG,GA,,,,,,,,,33.780909,-84.387112,Fulton,FO-GASCORP-GAS CORP HQ BLT HUB,SOGAS,True,Decommissioned site,,
GAXAGAP1413,,,,,,,,,,,,,,,,,20.5.25.25,Supported,,,Unified AP,27a7de8t-781a-713d-q5et-871da1185a82,5q1a81e77813d2118958a652,27a7de8t-781a-713d-q5et-871da1185a82,0,,,,2026-02-23 07:48:05,1771832885398,0,,,,ec:01:d5:d7:ae:60,0.0,Managed,,0,AIR-AP2802I-B-K9,,Reachable,,,ACCESS,AUTO,UZZ262433A6,Cisco 2800I Series Unified Access Points,,,87.2.5.47,,0.0,,Cisco 2800I Unified Access Point,"649 days, 05:54:38.430",56110101,,,,,,,,,,,,,,,,,,,,,,,,,,,,,XAG,GA,,,,,,,,,33.780909,-84.387112,Fulton,FO-GASCORP-GAS CORP HQ BLT HUB,SOGAS,True,Decommissioned site,,
GAXAGAP1511,,,,,,,,,,,,,,,,,20.5.25.25,Supported,,,Unified AP,77q761de-qt9t-7tt2-87ea-89668696q7t7,5q1a81e77813d2118958a652,77q761de-qt9t-7tt2-87ea-89668696q7t7,0,,,,2026-02-23 07:48:05,1771832885398,0,,,,ec:01:d5:d6:27:60,0.0,Managed,,0,AIR-AP2802I-B-K9,,Reachable,,,ACCESS,AUTO,UZZ262433AZ,Cisco 2800I Series Unified Access Points,,,87.2.5.47,,0.0,,Cisco 2800I Unified Access Point,"666 days, 12:57:47.430",57604290,,,,,,,,,,,,,,,,,,,,,,,,,,,,,XAG,GA,,,,,,,,,33.780909,-84.387112,Fulton,FO-GASCORP-GAS CORP HQ BLT HUB,SOGAS,True,Decommissioned site,,
GAXAGAP1512,,,,,,,,,,,,,,,,,20.5.25.25,Supported,,,Unified AP,88152752-52da-7daa-81ta-1d771755a981,5q1a81e77813d2118958a652,88152752-52da-7daa-81ta-1d771755a981,0,,,,2026-02-23 07:48:05,1771832885398,0,,,,ec:01:d5:d6:2d:e0,0.0,Managed,,0,AIR-AP2802I-B-K9,,Reachable,,,ACCESS,AUTO,UZZ2624332K,Cisco 2800I Series Unified Access Points,,,87.2.5.47,,0.0,,Cisco 2800I Unified Access Point,"666 days, 12:58:06.430",57604309,,,,,,,,,,,,,,,,,,,,,,,,,,,,,XAG,GA,,,,,,,,,33.780909,-84.387112,Fulton,FO-GASCORP-GAS CORP HQ BLT HUB,SOGAS,True,Decommissioned site,,
GAXAGAP1513,,,,,,,,,,,,,,,,,20.5.25.25,Supported,,,Unified AP,ae232e6d-t335-7277-95a7-q7eta5183a2d,5q1a81e77813d2118958a652,ae232e6d-t335-7277-95a7-q7eta5183a2d,0,,,,2026-02-23 07:48:05,1771832885398,0,,,,ec:01:d5:d6:3c:80,0.0,Managed,,0,AIR-AP2802I-B-K9,,Reachable,,,ACCESS,AUTO,UZZ262433B4,Cisco 2800I Series Unified Access Points,,,87.2.5.47,,0.0,,Cisco 2800I Unified Access Point,"666 days, 12:57:38.430",57604281,,,,,,,,,,,,,,,,,,,,,,,,,,,,,XAG,GA,,,,,,,,,33.780909,-84.387112,Fulton,FO-GASCORP-GAS CORP HQ BLT HUB,SOGAS,True,Decommissioned site,,
GAXAGAP1611,,,,,,,,,,,,,,,,,20.5.25.25,Supported,,,Unified AP,33832172-a383-76dd-q283-228596877a2a,5q1a81e77813d2118958a652,33832172-a383-76dd-q283-228596877a2a,0,,,,2026-02-23 07:48:05,1771832885398,0,,,,ec:01:d5:d6:20:c0,0.0,Managed,,0,AIR-AP2802I-B-K9,,Reachable,,,ACCESS,AUTO,UZZ2624332H,Cisco 2800I Series Unified Access Points,,,87.2.5.47,,0.0,,Cisco 2800I Unified Access Point,"666 days, 12:58:01.430",57604304,,,,,,,,,,,,,,,,,,,,,,,,,,,,,XAG,GA,,,,,,,,,33.780909,-84.387112,Fulton,FO-GASCORP-GAS CORP HQ BLT HUB,SOGAS,True,Decommissioned site,,
GAXAGAP1612,,,,,,,,,,,,,,,,,20.5.25.25,Supported,,,Unified AP,82d7de5t-d6tt-7d3d-98d5-dd1391t62q81,5q1a81e77813d2118958a652,82d7de5t-d6tt-7d3d-98d5-dd1391t62q81,0,,,,2026-02-23 07:48:05,1771832885398,0,,,,ec:01:d5:d6:27:e0,0.0,Managed,,0,AIR-AP2802I-B-K9,,Reachable,,,ACCESS,AUTO,UZZ2624333Z,Cisco 2800I Series Unified Access Points,,,87.2.5.47,,0.0,,Cisco 2800I Unified Access Point,"666 days, 12:58:06.430",57604309,,,,,,,,,,,,,,,,,,,,,,,,,,,,,XAG,GA,,,,,,,,,33.780909,-84.387112,Fulton,FO-GASCORP-GAS CORP HQ BLT HUB,SOGAS,True,Decommissioned site,,
GAXAGAP1613,,,,,,,,,,,,,,,,,20.5.25.25,Supported,,,Unified AP,863a165d-a7q1-7a1d-8td8-d215317181da,5q1a81e77813d2118958a652,863a165d-a7q1-7a1d-8td8-d215317181da,0,,,,2026-02-23 07:48:05,1771832885398,0,,,,ec:01:d5:d2:62:e0,0.0,Managed,,0,AIR-AP2802I-B-K9,,Reachable,,,ACCESS,AUTO,UZZ26243322,Cisco 2800I Series Unified Access Points,,,87.2.5.47,,0.0,,Cisco 2800I Unified Access Point,"666 days, 12:58:03.430",57604306,,,,,,,,,,,,,,,,,,,,,,,,,,,,,XAG,GA,,,,,,,,,33.780909,-84.387112,Fulton,FO-GASCORP-GAS CORP HQ BLT HUB,SOGAS,True,Decommissioned site,,
GAXAGAP1614,,,,,,,,,,,,,,,,,20.5.25.25,Supported,,,Unified AP,a6711e15-t7e7-721q-aa2q-a2aq79d36t77,5q1a81e77813d2118958a652,a6711e15-t7e7-721q-aa2q-a2aq79d36t77,0,,,,2026-02-23 07:48:05,1771832885398,0,,,,32:5d:a8:21:q8:20,0.0,Managed,,0,AIR-AP2802I-B-K9,,Reachable,,,ACCESS,AUTO,UZZ26503NZ2,Cisco 2800I Series Unified Access Points,,,87.2.5.47,,0.0,,Cisco 2800I Unified Access Point,"666 days, 12:57:24.430",57604267,,,,,,,,,,,,,,,,,,,,,,,,,,,,,XAG,GA,,,,,,,,,33.780909,-84.387112,Fulton,FO-GASCORP-GAS CORP HQ BLT HUB,SOGAS,True,Decommissioned site,,
GAXAGAP1615,,,,,,,,,,,,,,,,,20.5.25.25,Supported,,,Unified AP,qd2d8775-8e81-7d2a-a31t-1dd26671a558,5q1a81e77813d2118958a652,qd2d8775-8e81-7d2a-a31t-1dd26671a558,0,,,,2026-02-23 07:48:05,1771832885398,0,,,,32:5d:a8:1f:da:a0,0.0,Managed,,0,AIR-AP2802I-B-K9,,Reachable,,,ACCESS,AUTO,UZZ26503NHB,Cisco 2800I Series Unified Access Points,,,87.2.5.47,,0.0,,Cisco 2800I Unified Access Point,"666 days, 12:57:57.430",57604300,,,,,,,,,,,,,,,,,,,,,,,,,,,,,XAG,GA,,,,,,,,,33.780909,-84.387112,Fulton,FO-GASCORP-GAS CORP HQ BLT HUB,SOGAS,True,Decommissioned site,,
GAXAGAP1711,,,,,,,,,,,,,,,,,20.5.25.25,Supported,,,Unified AP,87a1q3d1-a671-7985-aed1-t73taaaet63d,5q1a81e77813d2118958a652,87a1q3d1-a671-7985-aed1-t73taaaet63d,0,,,,2026-02-23 07:48:05,1771832885398,0,,,,ec:01:d5:d7:q6:20,0.0,Managed,,0,AIR-AP2802I-B-K9,,Reachable,,,ACCESS,AUTO,UZZ26243326,Cisco 2800I Series Unified Access Points,,,87.2.5.47,,0.0,,Cisco 2800I Unified Access Point,"666 days, 12:57:40.430",57604283,,,,,,,,,,,,,,,,,,,,,,,,,,,,,XAG,GA,,,,,,,,,33.780909,-84.387112,Fulton,FO-GASCORP-GAS CORP HQ BLT HUB,SOGAS,True,Decommissioned site,,
GAXAGAP1712,,,,,,,,,,,,,,,,,20.5.25.25,Supported,,,Unified AP,9e77d79a-97a7-78a1-996e-qa16ae881d3t,5q1a81e77813d2118958a652,9e77d79a-97a7-78a1-996e-qa16ae881d3t,0,,,,2026-02-23 07:48:05,1771832885398,0,,,,ec:01:d5:d6:3e:60,0.0,Managed,,0,AIR-AP2802I-B-K9,,Reachable,,,ACCESS,AUTO,UZZ26243324,Cisco 2800I Series Unified Access Points,,,87.2.5.47,,0.0,,Cisco 2800I Unified Access Point,"269 days, 12:42:42.430",23302585,,,,,,,,,,,,,,,,,,,,,,,,,,,,,XAG,GA,,,,,,,,,33.780909,-84.387112,Fulton,FO-GASCORP-GAS CORP HQ BLT HUB,SOGAS,True,Decommissioned site,,
GAXAGAP1713,,,,,,,,,,,,,,,,,20.5.25.25,Supported,,,Unified AP,7q2ee667-7123-7772-8eqa-9611qta1eaq3,5q1a81e77813d2118958a652,7q2ee667-7123-7772-8eqa-9611qta1eaq3,0,,,,2026-02-23 07:48:05,1771832885398,0,,,,ec:01:d5:d6:2e:a0,0.0,Managed,,0,AIR-AP2802I-B-K9,,Reachable,,,ACCESS,AUTO,UZZ2624332U,Cisco 2800I Series Unified Access Points,,,87.2.5.47,,0.0,,Cisco 2800I Unified Access Point,"12 days, 13:41:16.430",1101299,,,,,,,,,,,,,,,,,,,,,,,,,,,,,XAG,GA,,,,,,,,,33.780909,-84.387112,Fulton,FO-GASCORP-GAS CORP HQ BLT HUB,SOGAS,True,Decommissioned site,,
GAXAGAP1715,,,,,,,,,,,,,,,,,20.5.25.25,Supported,,,Unified AP,7758qad6-2q87-7d3e-ad71-7158126e1351,5q1a81e77813d2118958a652,7758qad6-2q87-7d3e-ad71-7158126e1351,0,,,,2026-02-23 07:48:05,1771832885398,0,,,,10:a8:29:a0:91:20,0.0,Managed,,0,AIR-AP2802I-B-K9,,Reachable,,,ACCESS,AUTO,UZZ2650206A,Cisco 2800I Series Unified Access Points,,,87.2.5.47,,0.0,,Cisco 2800I Unified Access Point,"666 days, 12:57:55.430",57604298,,,,,,,,,,,,,,,,,,,,,,,,,,,,,XAG,GA,,,,,,,,,33.780909,-84.387112,Fulton,FO-GASCORP-GAS CORP HQ BLT HUB,SOGAS,True,Decommissioned site,,
GAXAGAP1716,,,,,,,,,,,,,,,,,20.5.25.25,Supported,,,Unified AP,aa352a68-825e-7q2a-9q17-87a1172e1q26,5q1a81e77813d2118958a652,aa352a68-825e-7q2a-9q17-87a1172e1q26,0,,,,2026-02-23 07:48:05,1771832885398,0,,,,32:5d:a8:22:15:60,0.0,Managed,,0,AIR-AP2802I-B-K9,,Reachable,,,ACCESS,AUTO,UZZ26503PTS,Cisco 2800I Series Unified Access Points,,,87.2.5.47,,0.0,,Cisco 2800I Unified Access Point,"666 days, 12:58:05.430",57604308,,,,,,,,,,,,,,,,,,,,,,,,,,,,,XAG,GA,,,,,,,,,33.780909,-84.387112,Fulton,FO-GASCORP-GAS CORP HQ BLT HUB,SOGAS,True,Decommissioned site,,
GAXAGAP1811,,,,,,,,,,,,,,,,,20.5.25.25,Supported,,,Unified AP,tq2321e7-e166-7qaq-81dt-7d57e98t12a7,5q1a81e77813d2118958a652,tq2321e7-e166-7qaq-81dt-7d57e98t12a7,0,,,,2026-02-23 07:48:05,1771832885398,0,,,,ec:01:d5:d7:c1:20,0.0,Managed,,0,AIR-AP2802I-B-K9,,Reachable,,,ACCESS,AUTO,UZZ2624332R,Cisco 2800I Series Unified Access Points,,,87.2.5.47,,0.0,,Cisco 2800I Unified Access Point,"666 days, 12:57:44.430",57604287,,,,,,,,,,,,,,,,,,,,,,,,,,,,,XAG,GA,,,,,,,,,33.780909,-84.387112,Fulton,FO-GASCORP-GAS CORP HQ BLT HUB,SOGAS,True,Decommissioned site,,
GAXAGAP1812,,,,,,,,,,,,,,,,,20.5.25.25,Supported,,,Unified AP,qea7td1a-a381-7378-q3a1-7t8a9ata12a8,5q1a81e77813d2118958a652,qea7td1a-a381-7378-q3a1-7t8a9ata12a8,0,,,,2026-02-23 07:48:05,1771832885398,0,,,,ec:01:d5:d6:25:80,0.0,Managed,,0,AIR-AP2802I-B-K9,,Reachable,,,ACCESS,AUTO,UZZ262433A0,Cisco 2800I Series Unified Access Points,,,87.2.5.47,,0.0,,Cisco 2800I Unified Access Point,"666 days, 12:58:02.430",57604305,,,,,,,,,,,,,,,,,,,,,,,,,,,,,XAG,GA,,,,,,,,,33.780909,-84.387112,Fulton,FO-GASCORP-GAS CORP HQ BLT HUB,SOGAS,True,Decommissioned site,,
GAXAGAP1813,,,,,,,,,,,,,,,,,20.5.25.25,Supported,,,Unified AP,q8de7515-t6tt-77t1-973a-d71ta77e753d,5q1a81e77813d2118958a652,q8de7515-t6tt-77t1-973a-d71ta77e753d,0,,,,2026-02-23 07:48:05,1771832885398,0,,,,ec:01:d5:d6:23:c0,0.0,Managed,,0,AIR-AP2802I-B-K9,,Reachable,,,ACCESS,AUTO,UZZ262433A4,Cisco 2800I Series Unified Access Points,,,87.2.5.47,,0.0,,Cisco 2800I Unified Access Point,"666 days, 12:57:41.430",57604284,,,,,,,,,,,,,,,,,,,,,,,,,,,,,XAG,GA,,,,,,,,,33.780909,-84.387112,Fulton,FO-GASCORP-GAS CORP HQ BLT HUB,SOGAS,True,Decommissioned site,,
GAXAGAP1814,,,,,,,,,,,,,,,,,20.5.25.25,Supported,,,Unified AP,92d691t5-13qd-7tda-86t1-8q1796ed7531,5q1a81e77813d2118958a652,92d691t5-13qd-7tda-86t1-8q1796ed7531,0,,,,2026-02-23 07:48:05,1771832885398,0,,,,32:5d:a8:22:79:a0,0.0,Managed,,0,AIR-AP2802I-B-K9,,Reachable,,,ACCESS,AUTO,UZZ26503MZT,Cisco 2800I Series Unified Access Points,,,87.2.5.47,,0.0,,Cisco 2800I Unified Access Point,"34 days, 10:47:48.430",2991691,,,,,,,,,,,,,,,,,,,,,,,,,,,,,XAG,GA,,,,,,,,,33.780909,-84.387112,Fulton,FO-GASCORP-GAS CORP HQ BLT HUB,SOGAS,True,Decommissioned site,,
GAXAGAP1815,,,,,,,,,,,,,,,,,20.5.25.25,Supported,,,Unified AP,d3176539-e8t7-78at-9t17-851q6278ea7e,5q1a81e77813d2118958a652,d3176539-e8t7-78at-9t17-851q6278ea7e,0,,,,2026-02-23 07:48:05,1771832885398,0,,,,08:25:d1:83:92:20,0.0,Managed,,0,AIR-AP2802I-B-K9,,Reachable,,,ACCESS,AUTO,UZZ26042ZD2,Cisco 2800I Series Unified Access Points,,,87.2.5.47,,0.0,,Cisco 2800I Unified Access Point,"246 days, 22:40:09.420",21351232,,,,,,,,,,,,,,,,,,,,,,,,,,,,,XAG,GA,,,,,,,,,33.780909,-84.387112,Fulton,FO-GASCORP-GAS CORP HQ BLT HUB,SOGAS,True,Decommissioned site,,
GAXAGAP1911,,,,,,,,,,,,,,,,,20.5.25.25,Supported,,,Unified AP,8at75qte-17dd-7ad5-q923-a1e79a2qq639,5q1a81e77813d2118958a652,8at75qte-17dd-7ad5-q923-a1e79a2qq639,0,,,,2026-02-23 07:48:05,1771832885398,0,,,,ec:01:d5:d7:q8:60,0.0,Managed,,0,AIR-AP2802I-B-K9,,Reachable,,,ACCESS,AUTO,UZZ26243322,Cisco 2800I Series Unified Access Points,,,87.2.5.47,,0.0,,Cisco 2800I Unified Access Point,"666 days, 12:55:57.430",57604180,,,,,,,,,,,,,,,,,,,,,,,,,,,,,XAG,GA,,,,,,,,,33.780909,-84.387112,Fulton,FO-GASCORP-GAS CORP HQ BLT HUB,SOGAS,True,Decommissioned site,,
GAXAGAP1912,,,,,,,,,,,,,,,,,20.5.25.25,Supported,,,Unified AP,da3qa77a-dq78-783a-917d-8385137d22ae,5q1a81e77813d2118958a652,da3qa77a-dq78-783a-917d-8385137d22ae,0,,,,2026-02-23 07:48:05,1771832885398,0,,,,ec:01:d5:d7:ac:60,0.0,Managed,,0,AIR-AP2802I-B-K9,,Reachable,,,ACCESS,AUTO,UZZ262433A3,Cisco 2800I Series Unified Access Points,,,87.2.5.47,,0.0,,Cisco 2800I Unified Access Point,"666 days, 12:57:54.430",57604297,,,,,,,,,,,,,,,,,,,,,,,,,,,,,XAG,GA,,,,,,,,,33.780909,-84.387112,Fulton,FO-GASCORP-GAS CORP HQ BLT HUB,SOGAS,True,Decommissioned site,,
GAXAGAP1913-N,,,,,,,,,,,,,,,,,20.5.25.25,Supported,,,Unified AP,232dd5d5-q961-71q1-8d72-1757ta91599t,5q1a81e77813d2118958a652,232dd5d5-q961-71q1-8d72-1757ta91599t,0,,,,2026-02-23 07:48:05,1771832885398,0,,,,22:36:da:c6:ae:c0,0.0,Managed,,0,AIR-AP2802I-B-K9,,Reachable,,,ACCESS,AUTO,UZZ26333EUU,Cisco 2800I Series Unified Access Points,,,87.2.5.47,,0.0,,Cisco 2800I Unified Access Point,"268 days, 11:13:12.430",23210815,,,,,,,,,,,,,,,,,,,,,,,,,,,,,XAG,GA,,,,,,,,,33.780909,-84.387112,Fulton,FO-GASCORP-GAS CORP HQ BLT HUB,SOGAS,True,Decommissioned site,,
GAXAGAP1914,,,,,,,,,,,,,,,,,20.5.25.25,Supported,,,Unified AP,tq7e1798-8e87-7e7q-8e11-5a2a579119d1,5q1a81e77813d2118958a652,tq7e1798-8e87-7e7q-8e11-5a2a579119d1,0,,,,2026-02-23 07:48:05,1771832885398,0,,,,ec:01:d5:d6:3e:a0,0.0,Managed,,0,AIR-AP2802I-B-K9,,Reachable,,,ACCESS,AUTO,UZZ262433BA,Cisco 2800I Series Unified Access Points,,,87.2.5.47,,0.0,,Cisco 2800I Unified Access Point,"666 days, 12:57:45.430",57604288,,,,,,,,,,,,,,,,,,,,,,,,,,,,,XAG,GA,,,,,,,,,33.780909,-84.387112,Fulton,FO-GASCORP-GAS CORP HQ BLT HUB,SOGAS,True,Decommissioned site,,
GAXAGAP1915,,,,,,,,,,,,,,,,,20.5.25.25,Supported,,,Unified AP,1t1279t3-a8q1-7a5q-9t71-7936786qqaed,5q1a81e77813d2118958a652,1t1279t3-a8q1-7a5q-9t71-7936786qqaed,0,,,,2026-02-23 07:48:05,1771832885398,0,,,,08:25:d1:82:75:60,0.0,Managed,,0,AIR-AP2802I-B-K9,,Reachable,,,ACCESS,AUTO,UZZ26042ZD4,Cisco 2800I Series Unified Access Points,,,87.2.5.47,,0.0,,Cisco 2800I Unified Access Point,"219 days, 11:08:17.420",18976920,,,,,,,,,,,,,,,,,,,,,,,,,,,,,XAG,GA,,,,,,,,,33.780909,-84.387112,Fulton,FO-GASCORP-GAS CORP HQ BLT HUB,SOGAS,True,Decommissioned site,,
GAXAGAP1916,,,,,,,,,,,,,,,,,20.5.25.25,Supported,,,Unified AP,1eqe536q-1ea7-7a2q-95ea-6t259a658192,5q1a81e77813d2118958a652,1eqe536q-1ea7-7a2q-95ea-6t259a658192,0,,,,2026-02-23 07:48:05,1771832885398,0,,,,88:9c:ad:5f:d1:60,0.0,Managed,,0,AIR-AP2802I-B-K9,,Reachable,,,ACCESS,AUTO,UZZ265025ZV,Cisco 2800I Series Unified Access Points,,,87.2.5.47,,0.0,,Cisco 2800I Unified Access Point,"219 days, 11:04:51.430",18976714,,,,,,,,,,,,,,,,,,,,,,,,,,,,,XAG,GA,,,,,,,,,33.780909,-84.387112,Fulton,FO-GASCORP-GAS CORP HQ BLT HUB,SOGAS,True,Decommissioned site,,
GAXAGAP1917,,,,,,,,,,,,,,,,,20.5.25.25,Supported,,,Unified AP,a1t75q78-19e2-7513-8t53-a1q28e7tq3ta,5q1a81e77813d2118958a652,a1t75q78-19e2-7513-8t53-a1q28e7tq3ta,0,,,,2026-02-23 07:48:05,1771832885398,0,,,,10:a8:29:9e:92:60,0.0,Managed,,0,AIR-AP2802I-B-K9,,Reachable,,,ACCESS,AUTO,UZZ26503ZZZ,Cisco 2800I Series Unified Access Points,,,87.2.5.47,,0.0,,Cisco 2800I Unified Access Point,"666 days, 12:57:09.430",57604252,,,,,,,,,,,,,,,,,,,,,,,,,,,,,XAG,GA,,,,,,,,,33.780909,-84.387112,Fulton,FO-GASCORP-GAS CORP HQ BLT HUB,SOGAS,True,Decommissioned site,,
GAXAGAP2111,,,,,,,,,,,,,,,,,20.5.25.25,Supported,,,Unified AP,7a86qt62-237d-7a56-qqea-77a5a19175a1,5q1a81e77813d2118958a652,7a86qt62-237d-7a56-qqea-77a5a19175a1,0,,,,2026-02-23 07:48:05,1771832885398,0,,,,ec:01:d5:d7:a7:20,0.0,Managed,,0,AIR-AP2802I-B-K9,,Reachable,,,ACCESS,AUTO,UZZ2624332L,Cisco 2800I Series Unified Access Points,,,87.2.5.47,,0.0,,Cisco 2800I Unified Access Point,"666 days, 12:57:21.430",57604264,,,,,,,,,,,,,,,,,,,,,,,,,,,,,XAG,GA,,,,,,,,,33.780909,-84.387112,Fulton,FO-GASCORP-GAS CORP HQ BLT HUB,SOGAS,True,Decommissioned site,,
GAXAGAP2112,,,,,,,,,,,,,,,,,20.5.25.25,Supported,,,Unified AP,qt75qd32-q9t3-7ea1-9767-ad5125aa7a1a,5q1a81e77813d2118958a652,qt75qd32-q9t3-7ea1-9767-ad5125aa7a1a,0,,,,2026-02-23 07:48:05,1771832885398,0,,,,ec:01:d5:d6:39:c0,0.0,Managed,,0,AIR-AP2802I-B-K9,,Reachable,,,ACCESS,AUTO,UZZ262433A7,Cisco 2800I Series Unified Access Points,,,87.2.5.47,,0.0,,Cisco 2800I Unified Access Point,"666 days, 12:57:26.430",57604269,,,,,,,,,,,,,,,,,,,,,,,,,,,,,XAG,GA,,,,,,,,,33.780909,-84.387112,Fulton,FO-GASCORP-GAS CORP HQ BLT HUB,SOGAS,True,Decommissioned site,,
GAXAGAP2113,,,,,,,,,,,,,,,,,20.5.25.25,Supported,,,Unified AP,qa97917a-aqt1-7t31-8t99-5aeqqd7d2a92,5q1a81e77813d2118958a652,qa97917a-aqt1-7t31-8t99-5aeqqd7d2a92,0,,,,2026-02-23 07:48:05,1771832885398,0,,,,ec:01:d5:d7:ae:e0,0.0,Managed,,0,AIR-AP2802I-B-K9,,Reachable,,,ACCESS,AUTO,UZZ2624332Z,Cisco 2800I Series Unified Access Points,,,87.2.5.47,,0.0,,Cisco 2800I Unified Access Point,"666 days, 12:58:03.430",57604306,,,,,,,,,,,,,,,,,,,,,,,,,,,,,XAG,GA,,,,,,,,,33.780909,-84.387112,Fulton,FO-GASCORP-GAS CORP HQ BLT HUB,SOGAS,True,Decommissioned site,,
GAXAGAP2114,,,,,,,,,,,,,,,,,20.5.25.25,Supported,,,Unified AP,5161t9q5-7e71-7dq7-937e-a1967377dt7a,5q1a81e77813d2118958a652,5161t9q5-7e71-7dq7-937e-a1967377dt7a,0,,,,2026-02-23 07:48:05,1771832885398,0,,,,ec:01:d5:d7:q3:e0,0.0,Managed,,0,AIR-AP2802I-B-K9,,Reachable,,,ACCESS,AUTO,UZZ2624332Q,Cisco 2800I Series Unified Access Points,,,87.2.5.47,,0.0,,Cisco 2800I Unified Access Point,"666 days, 12:58:03.430",57604306,,,,,,,,,,,,,,,,,,,,,,,,,,,,,XAG,GA,,,,,,,,,33.780909,-84.387112,Fulton,FO-GASCORP-GAS CORP HQ BLT HUB,SOGAS,True,Decommissioned site,,
GAMCMAP11,,,,,,,,,,,,,,,,,20.97.227.25,Supported,,,Unified AP,1q62d179-da38-72q1-a896-529721da187e,5q1a81e77813d2118958a652,1q62d179-da38-72q1-a896-529721da187e,0,,,,2026-02-23 07:48:37,1771832917018,0,,,,f8:c6:50:02:72:20,0.0,Managed,,0,C9120AXE-B,,Reachable,,,ACCESS,AUTO,UZZ233335UE,Cisco Catalyst 9120AXE Series Unified Access Points,,,87.2.5.47,,0.0,,Cisco Catalyst 9120AXE Unified Access Point,"156 days, 16:11:20.170",13551868,,,,,,,,,,,,,,,,,,,,,,,,,,,,,MCM,GA,,,,,,,,,31.213901,-81.546374,Glynn,FO-GA-SE-HINESVILLE-BRUNSWICK,GPC,True,Decommissioned site,,
GAMCMAP12,,,,,,,,,,,,,,,,,20.97.227.25,Supported,,Could Not Synchronize,Unified AP,a5t3t71q-11da-7136-aa73-e52a31a1ae73,5q1a81e77813d2118958a652,a5t3t71q-11da-7136-aa73-e52a31a1ae73,0,,,,2026-02-23 07:48:37,1771832917018,0,,,,f8:c6:50:02:ec:c0,0.0,Managed,,0,C9120AXE-B,,Unreachable,,,ACCESS,AUTO,UZZ233335U3,Cisco Catalyst 9120AXE Series Unified Access Points,,,87.2.5.47,,0.0,,Cisco Catalyst 9120AXE Unified Access Point,"44 days, 05:06:26.810",-1,,,,,,,,,,,,,,,,,,,,,,,,,,,,,MCM,GA,,,,,,,,,31.213901,-81.546374,Glynn,FO-GA-SE-HINESVILLE-BRUNSWICK,GPC,True,Decommissioned site,,
GAGSERRWN01.southernco.com,,,,,,,,,,,,,,,,,,Supported,146.126.111.146,,Routers,dd538d75-ee24-4a28-a88e-de6c38902c1d,5b1a81e74803d2008958f652,dd538d75-ee24-4a28-a88e-de6c38902c1d,0,"<status><general code=""SUCCESS""/></status>",2026-02-23 03:52:48,Periodic,2026-02-23 03:54:38,1771818878001,0,,,,d4:ad:bd:ae:42:60,1.0,Managed,,0,ISR4331/K9,,Reachable,Periodic,,BORDER ROUTER,AUTO,JLM233213HW,Cisco 4000 Series Integrated Services Routers,TO IOC 866-999-1462,IOS-XE,17.9.3a,,0.0,,Cisco 4331 Integrated Services Router,"182 days, 9:45:25.68",15789126,Cisco,,,,,,,,,,,,,,,,,,,,,,,,,,,,GSE,GA,,,,,,,,,32.080348,-81.09241,Unknown,FO-GA-SE-SAVANNAH 1,GPC,True,Decommissioned site,,
GAGSESE0101.southernco.com,,,,,,,,,,,,,,,,,,Supported,148.133.39.66,,Switches and Hubs,0e7a20ab-ab70-4c55-a319-d4550efb9419,5b1a81e74803d2008958f652,0e7a20ab-ab70-4c55-a319-d4550efb9419,0,"<status><general code=""SUCCESS""/></status>",2026-02-23 02:22:15,Periodic,2026-02-23 02:25:14,1771813514078,0,,,,08:4f:a9:63:56:00,1.0,Managed,,0,C9200-48P,,Reachable,Periodic,,ACCESS,AUTO,JAD232203UJ,Cisco Catalyst 9200 Series Switches,TO IOC 866-999-1462,IOS-XE,17.12.5,,0.0,,Cisco Catalyst 9200 Switch Stack,"173 days, 3:13:38.88",14993370,Cisco,,,,,,,,,,,,,,,,,,,,,,,,,,,,GSE,GA,,,,,,,,,32.080348,-81.09241,Unknown,FO-GA-SE-SAVANNAH 1,GPC,True,Decommissioned site,,
GAMCMRRWN02.southernco.com,,,,,,,,,,,,,,,,,,Supported,148.199.188.90,,Routers,85d237cd-e055-4189-8c25-5609d59cc176,5b1a81e74803d2008958f652,85d237cd-e055-4189-8c25-5609d59cc176,0,"<status><general code=""SUCCESS""/></status>",2026-02-23 01:46:09,Periodic,2026-02-23 01:49:19,1771811359981,0,,,,e0:69:ba:9a:40:a0,1.0,Managed,,0,ISR4431/K9,,Reachable,Periodic,,BORDER ROUTER,AUTO,JJZ260217L5,Cisco 4000 Series Integrated Services Routers,TO IOC 866-999-1462,IOS-XE,17.9.3a,,0.0,,Cisco 4431 Integrated Services Router,"156 days, 12:15:00.14",13559245,Cisco,,,,,,,,,,,,,,,,,,,,,,,,,,,,MCM,GA,,,,,,,,,31.213901,-81.546374,Glynn,FO-GA-SE-HINESVILLE-BRUNSWICK,GPC,True,Decommissioned site,,
GAMCMSE0101.southernco.com,,,,,,,,,,,,,,,,,,Supported,148.133.87.147,DEV-UNREACHED,Switches and Hubs,2dbbe303-4c09-49bf-bb63-8d58fe7ca1ab,5b1a81e74803d2008958f652,2dbbe303-4c09-49bf-bb63-8d58fe7ca1ab,0,"<status><general code=""DEV_UNREACHED""/></status>",2026-02-23 03:37:14,Periodic,2026-02-23 03:38:13,1771817893824,0,,,,74:ad:98:f8:7c:80,1.0,Managed,,0,C9200-48P,SNMP Connectivity Failed,Unreachable,Periodic,,ACCESS,AUTO,JOZ252652RG,Cisco Catalyst 9200 Series Switches,TO IOC 866-999-1462,IOS-XE,17.9.5,,0.0,,Cisco Catalyst 9200 Switch Stack,"43 days, 13:39:41.57",3794551,Cisco,,,,,,,,,,,,,,,,,,,,,,,,,,,,MCM,GA,,,,,,,,,31.213901,-81.546374,Glynn,FO-GA-SE-HINESVILLE-BRUNSWICK,GPC,True,Decommissioned site,,
GAMCMSE0401.southernco.com,,,,,,,,,,,,,,,,,,Supported,148.133.87.131,,Switches and Hubs,53ed58ce-fbc3-47ba-9f50-4f7dfbb3e950,5b1a81e74803d2008958f652,53ed58ce-fbc3-47ba-9f50-4f7dfbb3e950,0,"<status><general code=""SUCCESS""/></status>",2026-02-23 02:45:52,Periodic,2026-02-23 02:48:33,1771814913871,0,,,,74:ad:98:f8:95:00,1.0,Managed,,0,C9200-48P,,Reachable,Periodic,,ACCESS,AUTO,JOZ25265A23,Cisco Catalyst 9200 Series Switches,TO IOC 866-999-1462,IOS-XE,17.9.5,,0.0,,Cisco Catalyst 9200 Switch Stack,"156 days, 13:15:52.69",13559291,Cisco,,,,,,,,,,,,,,,,,,,,,,,,,,,,MCM,GA,,,,,,,,,31.213901,-81.546374,Glynn,FO-GA-SE-HINESVILLE-BRUNSWICK,GPC,True,Decommissioned site,,
GAMCMSE0501.southernco.com,,,,,,,,,,,,,,,,,,Supported,148.133.87.138,,Switches and Hubs,fc21f5bc-7099-4353-a393-6e62f63fcf5a,5b1a81e74803d2008958f652,fc21f5bc-7099-4353-a393-6e62f63fcf5a,0,"<status><general code=""SUCCESS""/></status>",2026-02-23 01:36:55,Periodic,2026-02-23 01:39:54,1771810794295,0,,,,d0:e0:42:0b:be:00,1.0,Managed,,0,C9200-48P,,Reachable,Periodic,,ACCESS,AUTO,JOZ2526534X,Cisco Catalyst 9200 Series Switches,TO IOC 866-999-1462,IOS-XE,17.9.5,,0.0,,Cisco Catalyst 9200 Switch Stack,"156 days, 12:07:13.76",13559330,Cisco,,,,,,,,,,,,,,,,,,,,,,,,,,,,MCM,GA,,,,,,,,,31.213901,-81.546374,Glynn,FO-GA-SE-HINESVILLE-BRUNSWICK,GPC,True,Decommissioned site,,
GAMCMSE_AGGR01.southernco.com,,,,,,,,,,,,,,,,,,Supported,148.133.87.130,,Switches and Hubs,1d32b31e-be78-44dd-8978-129c61158291,5b1a81e74803d2008958f652,1d32b31e-be78-44dd-8978-129c61158291,0,"<status><general code=""SUCCESS""/></status>",2026-02-23 01:05:16,Periodic,2026-02-23 01:08:51,1771808931568,0,,,,84:eb:ef:ec:31:00,1.0,Managed,,0,C9300-24S,,Reachable,Periodic,,DISTRIBUTION,AUTO,JJZ2537125Z,Cisco Catalyst 9300 Series Switches,TO IOC 866-999-1462,IOS-XE,17.9.5,,0.0,,Cisco Catalyst 9300 Switch,"156 days, 11:34:30.72",13559213,Cisco,,,,,,,,,,,,,,,,,,,,,,,,,,,,MCM,GA,,,,,,,,,31.213901,-81.546374,Glynn,FO-GA-SE-HINESVILLE-BRUNSWICK,GPC,True,Decommissioned site,,
GAMCMSEWTRWAY01.southernco.com,,,,,,,,,,,,,,,,,,Supported,10.98.96.2,DEV-UNREACHED,Switches and Hubs,3cd49c96-d85c-4813-a391-eecdf4220583,5b1a81e74803d2008958f652,3cd49c96-d85c-4813-a391-eecdf4220583,0,"<status><general code=""DEV_UNREACHED""/></status>",2026-02-23 03:47:35,Periodic,2026-02-23 03:50:45,1771818645241,0,,,,48:1b:a4:99:f6:60,1.0,Managed,,0,IE-3300-8P2S,,Reachable,Periodic,,ACCESS,AUTO,JZW2722Y025,Cisco Catalyst IE3300 Rugged Series,TO IOC 866-999-1462,IOS-XE,17.9.4a,,0.0,,Cisco Catalyst IE-3300-8P2S Rugged Switch,"147 days, 7:51:23.18",12758519,Cisco,,,,,,,,,,,,,,,,,,,,,,,,,,,,MCM,GA,,,,,,,,,31.213901,-81.546374,Glynn,FO-GA-SE-HINESVILLE-BRUNSWICK,GPC,True,Decommissioned site,,
MSPSWAP13,,,,,,,,,,,,,,,,,297.296.99.9,Supported,,,Unified AP,1q195891-79ea-73aa-8a22-eada6977115t,5q1a81e77813d2118958a652,1q195891-79ea-73aa-8a22-eada6977115t,0,,,,2026-02-23 07:16:52,1771831012376,0,,,,72:88:qq:38:2d:80,0.0,Managed,,0,AIR-AP2802I-B-K9,,Reachable,,,ACCESS,AUTO,UZW2302NAQ0,Cisco 2800I Series Unified Access Points,,,87.2.5.47,,0.0,,Cisco 2800I Unified Access Point,"184 days, 11:16:33.010",15955291,,,,,,,,,,,,,,,,,,,,,,,,,,,,,PSW,MS,,,,,,,,,32.293026,-88.744847,Lauderdale,FO-MS-O-NORTH,MPC,True,Decommissioned site,,
MSPSWAP14,,,,,,,,,,,,,,,,,297.296.99.9,Supported,,,Unified AP,7qa6ae33-aq16-7613-8869-d159ta7215dq,5q1a81e77813d2118958a652,7qa6ae33-aq16-7613-8869-d159ta7215dq,0,,,,2026-02-23 07:16:52,1771831012376,0,,,,08:25:d1:85:62:00,0.0,Managed,,0,AIR-AP2802I-B-K9,,Reachable,,,ACCESS,AUTO,UZZ26042Z2G,Cisco 2800I Series Unified Access Points,,,87.2.5.47,,0.0,,Cisco 2800I Unified Access Point,"285 days, 10:01:06.000",24677164,,,,,,,,,,,,,,,,,,,,,,,,,,,,,PSW,MS,,,,,,,,,32.293026,-88.744847,Lauderdale,FO-MS-O-NORTH,MPC,True,Decommissioned site,,
MSPSWAP15,,,,,,,,,,,,,,,,,297.296.99.9,Supported,,Could Not Synchronize,Unified AP,123767qt-7e26-727q-a9d6-7a71a21at637,5q1a81e77813d2118958a652,123767qt-7e26-727q-a9d6-7a71a21at637,0,,,,2026-02-23 07:16:52,1771831012376,0,,,,5c:5a:c7:c7:c5:00,0.0,Managed,,0,AIR-AP2802I-B-K9,,Unreachable,,,ACCESS,AUTO,UZW2322NMK3,Cisco 2800I Series Unified Access Points,,,87.2.5.47,,0.0,,Cisco 2800I Unified Access Point,"3 days, 06:28:09.450",-1,,,,,,,,,,,,,,,,,,,,,,,,,,,,,PSW,MS,,,,,,,,,32.293026,-88.744847,Lauderdale,FO-MS-O-NORTH,MPC,True,Decommissioned site,,
MSREDAPADMIN1,,,,,,,,,,,,,,,,,297.296.99.9,Supported,,,Unified AP,a1ea1q1t-e1q1-7q98-aqt1-9tt975a131t8,5q1a81e77813d2118958a652,a1ea1q1t-e1q1-7q98-aqt1-9tt975a131t8,0,,,,2026-02-23 07:16:52,1771831012376,0,,,,q8:11:2q:5a:ef:80,0.0,Managed,,0,AIR-AP2802I-B-K9,,Reachable,,,ACCESS,AUTO,UZZ252632NT,Cisco 2800I Series Unified Access Points,,,87.2.5.47,,0.0,,Cisco 2800I Unified Access Point,"666 days, 12:46:45.010",57605503,,,,,,,,,,,,,,,,,,,,,,,,,,,,,RED,MS,,,,,,,,,33.37721,-89.212273,Choctaw,FO-MS-O-NORTH,MPC,True,Decommissioned site,,
MSREDAPCNTRLRM,,,,,,,,,,,,,,,,,297.296.99.9,Supported,,,Unified AP,837ea12q-ad8e-7359-97a8-eda8dda7e7a7,5q1a81e77813d2118958a652,837ea12q-ad8e-7359-97a8-eda8dda7e7a7,0,,,,2026-02-23 07:16:52,1771831012376,0,,,,08:25:d1:21:2e:80,0.0,Managed,,0,AIR-AP2802I-B-K9,,Reachable,,,ACCESS,AUTO,UZZ26042ZBW,Cisco 2800I Series Unified Access Points,,,87.2.5.47,,0.0,,Cisco 2800I Unified Access Point,"492 days, 17:13:39.000",42587917,,,,,,,,,,,,,,,,,,,,,,,,,,,,,RED,MS,,,,,,,,,33.37721,-89.212273,Choctaw,FO-MS-O-NORTH,MPC,True,Decommissioned site,,
MSREDAPTUR1,,,,,,,,,,,,,,,,,297.296.99.9,Supported,,,Unified AP,7q777ee7-t51q-7298-9935-165ae652286t,5q1a81e77813d2118958a652,7q777ee7-t51q-7298-9935-165ae652286t,0,,,,2026-02-23 07:16:52,1771831012376,0,,,,f0:1d:2d:7d:38:e0,0.0,Managed,,0,AIR-AP2802E-B-K9,,Reachable,,,ACCESS,AUTO,UZZ253533Z3,Cisco 2800E Series Unified Access Points,,,87.2.5.47,,0.0,,Cisco 2800E Unified Access Point,"128 days, 07:16:51.010",11102509,,,,,,,,,,,,,,,,,,,,,,,,,,,,,RED,MS,,,,,,,,,33.37721,-89.212273,Choctaw,FO-MS-O-NORTH,MPC,True,Decommissioned site,,
MSREDAPWHS11,,,,,,,,,,,,,,,,,297.296.99.9,Supported,,,Unified AP,136q197d-3dtq-7t3d-9a6d-6361261da6ta,5q1a81e77813d2118958a652,136q197d-3dtq-7t3d-9a6d-6361261da6ta,0,,,,2026-02-23 07:16:52,1771831012376,0,,,,08:25:d1:85:10:a0,0.0,Managed,,0,AIR-AP2802I-B-K9,,Reachable,,,ACCESS,AUTO,UZZ26042Z6S,Cisco 2800I Series Unified Access Points,,,87.2.5.47,,0.0,,Cisco 2800I Unified Access Point,"128 days, 07:16:56.000",11102514,,,,,,,,,,,,,,,,,,,,,,,,,,,,,RED,MS,,,,,,,,,33.37721,-89.212273,Choctaw,FO-MS-O-NORTH,MPC,True,Decommissioned site,,
GAXAGRRRS01.southernco.com,,,,,,,,,,,,,,,,,,Limited,10.5.99.145,,Routers,c80a4494-6a12-4219-ad7b-55c88108e63e,5b1a81e74803d2008958f652,c80a4494-6a12-4219-ad7b-55c88108e63e,0,"<status><general code=""SUCCESS""/></status>",2026-02-23 03:21:46,Periodic,2026-02-23 03:24:50,1771817090545,0,,,,00:3a:7d:10:03:00,1.0,Managed,,0,ASR1006,,Reachable,Periodic,,BORDER ROUTER,AUTO,JXS2005Q5E6,Cisco ASR 1000 Series Aggregation Services Routers,TO IOC 866-999-1462,IOS-XE,17.3.2,,0.0,,Cisco ASR 1006 Router,"812 days, 14:38:00.00",70240498,Cisco,,,,,,,,,,,,,,,,,,,,,,,,,,,,XAG,GA,,,,,,,,,33.780909,-84.387112,Fulton,FO-GASCORP-GAS CORP HQ BLT HUB,SOGAS,True,Decommissioned site,,
GAXAGRRRS02.southernco.com,,,,,,,,,,,,,,,,,,Limited,146.126.1.254,DEV-UNREACHED,Routers,d2bbaa94-70e5-4b8d-9e02-e2987f4e6b5a,5b1a81e74803d2008958f652,d2bbaa94-70e5-4b8d-9e02-e2987f4e6b5a,0,"<status><general code=""DEV_UNREACHED""/></status>",2026-02-23 03:55:41,Periodic,2026-02-23 03:56:24,1771818984898,0,,,,18:80:90:cb:e8:c0,1.0,Managed,,0,ASR1006,SNMP Connectivity Failed,Unreachable,Periodic,,BORDER ROUTER,AUTO,JXS2111Q33E,Cisco ASR 1000 Series Aggregation Services Routers,TO IOC 866-999-1462,IOS-XE,17.3.2,,0.0,,Cisco ASR 1006 Router,"743 days, 2:47:00.00",64234343,Cisco,,,,,,,,,,,,,,,,,,,,,,,,,,,,XAG,GA,,,,,,,,,33.780909,-84.387112,Fulton,FO-GASCORP-GAS CORP HQ BLT HUB,SOGAS,True,Decommissioned site,,
GAXAGRRRS03.southernco.com,,,,,,,,,,,,,,,,,,Supported,10.254.3.51,,Routers,1f09fa46-9f50-4cc0-b2a8-336d7b932a12,5b1a81e74803d2008958f652,1f09fa46-9f50-4cc0-b2a8-336d7b932a12,0,"<status><general code=""SUCCESS""/></status>",2026-02-23 01:32:43,Periodic,2026-02-23 01:35:30,1771810530050,0,,,,70:6d:15:22:d9:00,1.0,Managed,,0,ASR1002-X,,Reachable,Periodic,,BORDER ROUTER,AUTO,JOX2222P3S4,Cisco ASR 1000 Series Aggregation Services Routers,TO IOC 866-999-1462,IOS-XE,16.9.4,,0.0,,Cisco ASR 1002-X Router,"1748 days, 13:49:00.00",151114518,Cisco,,,,,,,,,,,,,,,,,,,,,,,,,,,,XAG,GA,,,,,,,,,33.780909,-84.387112,Fulton,FO-GASCORP-GAS CORP HQ BLT HUB,SOGAS,True,Decommissioned site,,
GAXAGRRRS04.southernco.com,,,,,,,,,,,,,,,,,,Supported,10.254.3.50,,Routers,1cc7a581-4508-4aba-8e52-053dcf67aeb8,5b1a81e74803d2008958f652,1cc7a581-4508-4aba-8e52-053dcf67aeb8,0,"<status><general code=""SUCCESS""/></status>",2026-02-23 03:54:03,Periodic,2026-02-23 03:55:45,1771818945964,0,,,,d4:c9:3c:64:f9:00,1.0,Managed,,0,ASR1002-X,,Reachable,Periodic,,BORDER ROUTER,AUTO,JOX2236P037,Cisco ASR 1000 Series Aggregation Services Routers,TO IOC 866-999-1462,IOS-XE,16.9.1,,0.0,,Cisco ASR 1002-X Router,"2602 days, 15:10:00.00",224896562,Cisco,,,,,,,,,,,,,,,,,,,,,,,,,,,,XAG,GA,,,,,,,,,33.780909,-84.387112,Fulton,FO-GASCORP-GAS CORP HQ BLT HUB,SOGAS,True,Decommissioned site,,
GAXAGSEFL010101.southernco.com,,,,,,,,,,,,,,,,,,Supported,10.254.8.5,,Switches and Hubs,e7950aaa-bc45-494f-a130-a0a7793e3c89,5b1a81e74803d2008958f652,e7950aaa-bc45-494f-a130-a0a7793e3c89,0,"<status><general code=""SUCCESS""/></status>",2026-02-23 01:37:47,Periodic,2026-02-23 01:41:16,1771810876916,0,,,,f8:a7:3a:1e:eb:00,1.0,Managed,,0,C9200-24P,,Reachable,Periodic,,ACCESS,AUTO,JAE2506225W,Cisco Catalyst 9200 Series Switches,TO IOC 866-999-1462,IOS-XE,17.12.5,,0.0,,Cisco Catalyst 9200 Switch Stack,"66 days, 10:27:09.74",5777251,Cisco,,,,,,,,,,,,,,,,,,,,,,,,,,,,XAG,GA,,,,,,,,,33.780909,-84.387112,Fulton,FO-GASCORP-GAS CORP HQ BLT HUB,SOGAS,True,Decommissioned site,,
GAXAGSEWC01.southernco.com,,,,,,,,,,,,,,,,,,Supported,10.5.15.2,,Switches and Hubs,3b116482-1934-4315-9040-96df79f57ab3,5b1a81e74803d2008958f652,3b116482-1934-4315-9040-96df79f57ab3,0,"<status><general code=""SUCCESS""/></status>",2026-02-23 03:10:29,Periodic,2026-02-23 03:14:18,1771816458472,0,,,,ac:bc:d9:51:8c:80,1.0,Managed,,0,"C9300-24T, C9300-24T",,Reachable,Periodic,,DISTRIBUTION,AUTO,"JJZ261111X4, JJZ261012J3",Cisco Catalyst 9300 Series Switches,TO IOC 866-999-1462,IOS-XE,17.3.4,,0.0,,Cisco Catalyst 9300 Switch,"1244 days, 8:20:00.00",107543250,Cisco,,,,,,,,,,,,,,,,,,,,,,,,,,,,XAG,GA,,,,,,,,,33.780909,-84.387112,Fulton,FO-GASCORP-GAS CORP HQ BLT HUB,SOGAS,True,Decommissioned site,,
GAXAGWC01.southernco.com,,,,,,,,,,,,,,,,,,Supported,10.5.15.25,,Wireless Controller,c2a10c9b-d745-4b92-b396-54eff19c376a,5b1a81e74803d2008958f652,c2a10c9b-d745-4b92-b396-54eff19c376a,0,"<status><general code=""SUCCESS""/></status>",2026-02-23 07:47:45,Config Change Event,2026-02-23 07:48:05,1771832885398,0,,,,18:59:f5:f3:d7:2b,1.0,Managed,,0,"C9800-40-K9, C9800-40-K9",,Reachable,Config Change Event,,ACCESS,AUTO,"TTM2543034A, TTM2543030E",Cisco Catalyst 9800 Series Wireless Controllers,TO IOC 866-999-1462,IOS-XE,17.9.5,,0.0,,Cisco Catalyst 9800-40 Wireless Controller,"666 days, 18:20:00.00",57623623,Cisco,,,,,,,,,,,,,,,,,,,,,,,,,,,,XAG,GA,,,,,,,,,33.780909,-84.387112,Fulton,FO-GASCORP-GAS CORP HQ BLT HUB,SOGAS,True,Decommissioned site,,
GAXAGWCFLEX01.southernco.com,,,,,,,,,,,,,,,,,,Supported,10.254.96.2,,Wireless Controller,b860b75d-bcd3-4bb0-bc9a-b74af5d1b747,5b1a81e74803d2008958f652,b860b75d-bcd3-4bb0-bc9a-b74af5d1b747,0,"<status><general code=""SUCCESS""/></status>",2026-02-23 09:52:55,AP Event,2026-02-23 09:53:20,1771840400225,0,,,,cc:b6:c8:83:57:2b,1.0,Managed,,0,"C9800-40-K9, C9800-40-K9",,Reachable,AP Event,,ACCESS,AUTO,"TTM27070015, TTM270100JN",Cisco Catalyst 9800 Series Wireless Controllers,TO IOC 866-999-1462,IOS-XE,17.9.5,,0.0,,Cisco Catalyst 9800-40 Wireless Controller,"174 days, 8:51:29.13",15073168,Cisco,,,,,,,,,,,,,,,,,,,,,,,,,,,,XAG,GA,,,,,,,,,33.780909,-84.387112,Fulton,FO-GASCORP-GAS CORP HQ BLT HUB,SOGAS,True,Decommissioned site,,
GAGSEAP11,,,,,,,,,,,,,,,,,272.26.229.25,Supported,,,Unified AP,e57e676t-e78a-7251-q52d-ed393et39q71,5q1a81e77813d2118958a652,e57e676t-e78a-7251-q52d-ed393et39q71,0,,,,2026-02-23 10:58:42,1771844322014,0,,,,f2:dq:e6:dd:68:c0,0.0,Managed,,0,AIR-AP2802I-B-K9,,Reachable,,,ACCESS,AUTO,UZW2243N37U,Cisco 2800I Series Unified Access Points,,,87.2.5.47,,0.0,,Cisco 2800I Unified Access Point,"173 days, 02:41:33.790",14960675,,,,,,,,,,,,,,,,,,,,,,,,,,,,,GSE,GA,,,,,,,,,32.080348,-81.09241,Unknown,FO-GA-SE-SAVANNAH 1,GPC,True,Decommissioned site,,
GAGSEAP12,,,,,,,,,,,,,,,,,272.26.229.25,Supported,,,Unified AP,16d818da-a765-771a-a3a6-81133911t1a1,5q1a81e77813d2118958a652,16d818da-a765-771a-a3a6-81133911t1a1,0,,,,2026-02-23 10:58:42,1771844322014,0,,,,f2:dq:e6:dd:75:e0,0.0,Managed,,0,AIR-AP2802I-B-K9,,Reachable,,,ACCESS,AUTO,UZW2243N3D3,Cisco 2800I Series Unified Access Points,,,87.2.5.47,,0.0,,Cisco 2800I Unified Access Point,"173 days, 02:41:54.790",14960696,,,,,,,,,,,,,,,,,,,,,,,,,,,,,GSE,GA,,,,,,,,,32.080348,-81.09241,Unknown,FO-GA-SE-SAVANNAH 1,GPC,True,Decommissioned site,,
GAGSEAP13,,,,,,,,,,,,,,,,,272.26.229.25,Supported,,,Unified AP,de177dd3-7832-7838-q96e-16te8159e8e5,5q1a81e77813d2118958a652,de177dd3-7832-7838-q96e-16te8159e8e5,0,,,,2026-02-23 10:58:42,1771844322014,0,,,,2c:77:6d:e8:e1:e0,0.0,Managed,,0,AIR-AP2802I-B-K9,,Reachable,,,ACCESS,AUTO,UDW2342D652,Cisco 2800I Series Unified Access Points,,,87.2.5.47,,0.0,,Cisco 2800I Unified Access Point,"173 days, 02:40:43.750",14960625,,,,,,,,,,,,,,,,,,,,,,,,,,,,,GSE,GA,,,,,,,,,32.080348,-81.09241,Unknown,FO-GA-SE-SAVANNAH 1,GPC,True,Decommissioned site,,
MSPSWRRWN01A.southernco.com,,,,,,,,,,,,,,,,,,Supported,148.146.60.14,,Routers,ca3f9c52-53df-435b-a92e-6680cfba9e91,5b1a81e74803d2008958f652,ca3f9c52-53df-435b-a92e-6680cfba9e91,0,"<status><general code=""SUCCESS""/></status>",2026-02-23 01:10:20,Periodic,2026-02-23 01:13:28,1771809208689,0,,,,14:a2:a0:e6:1f:00,1.0,Managed,,0,ISR4331/K9,,Reachable,Periodic,,BORDER ROUTER,AUTO,JLM255110MU,Cisco 4000 Series Integrated Services Routers,TO IOC 866-999-1462,IOS-XE,17.9.3a,,0.0,,Cisco 4331 Integrated Services Router,"248 days, 17:38:40.17",21529581,Cisco,,,,,,,,,,,,,,,,,,,,,,,,,,,,PSW,MS,,,,,,,,,32.293026,-88.744847,Lauderdale,FO-MS-O-NORTH,MPC,True,Decommissioned site,,
MSPSWSECOMM01.southernco.com,,,,,,,,,,,,,,,,,,Supported,10.133.13.2,,Switches and Hubs,ce06dbd1-90f0-458b-b72c-10f333593671,5b1a81e74803d2008958f652,ce06dbd1-90f0-458b-b72c-10f333593671,0,"<status><general code=""SUCCESS""/></status>",2026-02-23 02:57:11,Periodic,2026-02-23 03:00:25,1771815625601,0,,,,d0:09:c8:3f:d8:00,1.0,Managed,,0,C9200-24P,,Reachable,Periodic,,ACCESS,AUTO,JOZ264722A3,Cisco Catalyst 9200 Series Switches,TO IOC 866-999-1462,IOS-XE,17.9.5,,0.0,,Cisco Catalyst 9200 Switch Stack,"285 days, 11:38:55.98",24698364,Cisco,,,,,,,,,,,,,,,,,,,,,,,,,,,,PSW,MS,,,,,,,,,32.293026,-88.744847,Lauderdale,FO-MS-O-NORTH,MPC,True,Decommissioned site,,
MSPSWSEGATE01.southernco.com,,,,,,,,,,,,,,,,,,Supported,10.133.13.4,,Switches and Hubs,902ec273-8047-4f23-8da6-5c27760c145f,5b1a81e74803d2008958f652,902ec273-8047-4f23-8da6-5c27760c145f,0,"<status><general code=""SUCCESS""/></status>",2026-02-23 03:44:39,Periodic,2026-02-23 03:47:26,1771818446262,0,,,,40:14:82:96:40:60,1.0,Managed,,0,IE-3300-8P2S,,Reachable,Periodic,,ACCESS,AUTO,JZW2726Y1R4,Cisco Catalyst IE3300 Rugged Series,TO IOC 866-999-1462,IOS-XE,17.9.4a,,0.0,,Cisco Catalyst IE-3300-8P2S Rugged Switch,"178 days, 14:00:27.78",15459264,Cisco,,,,,,,,,,,,,,,,,,,,,,,,,,,,PSW,MS,,,,,,,,,32.293026,-88.744847,Lauderdale,FO-MS-O-NORTH,MPC,True,Decommissioned site,,
MSREDRRWN01.southernco.com,,,,,,,,,,,,,,,,,,Supported,148.146.43.1,,Routers,0f3b0557-0dc5-4aec-ac41-7867e8a89278,5b1a81e74803d2008958f652,0f3b0557-0dc5-4aec-ac41-7867e8a89278,0,"<status><general code=""SUCCESS""/></status>",2026-02-23 01:15:29,Periodic,2026-02-23 01:18:12,1771809492378,0,,,,60:26:aa:ad:62:b0,1.0,Managed,,0,ISR4431/K9,,Reachable,Periodic,,BORDER ROUTER,AUTO,JJZ26271S23,Cisco 4000 Series Integrated Services Routers,TO IOC 866-999-1462,IOS-XE,17.9.3a,,0.0,,Cisco 4431 Integrated Services Router,"492 days, 17:0:00.00",42608618,Cisco,,,,,,,,,,,,,,,,,,,,,,,,,,,,RED,MS,,,,,,,,,33.37721,-89.212273,Choctaw,FO-MS-O-NORTH,MPC,True,Decommissioned site,,
MSREDSECNTLRM1.southernco.com,,,,,,,,,,,,,,,,,,Supported,10.133.95.75,,Switches and Hubs,3feb1f21-7e74-4000-94d9-4c5761c05f04,5b1a81e74803d2008958f652,3feb1f21-7e74-4000-94d9-4c5761c05f04,0,"<status><general code=""SUCCESS""/></status>",2026-02-23 02:59:51,Periodic,2026-02-23 03:02:48,1771815768832,0,,,,3c:8b:7f:d8:72:80,1.0,Managed,,0,C9200-24P,,Reachable,Periodic,,ACCESS,AUTO,JOZ26272YWU,Cisco Catalyst 9200 Series Switches,TO IOC 866-999-1462,IOS-XE,17.9.5,,0.0,,Cisco Catalyst 9200 Switch Stack,"492 days, 18:57:00.00",42609361,Cisco,,,,,,,,,,,,,,,,,,,,,,,,,,,,RED,MS,,,,,,,,,33.37721,-89.212273,Choctaw,FO-MS-O-NORTH,MPC,True,Decommissioned site,,
